Date,Title,Price
2026-06-08,A Light in the Attic,50.36
2026-06-07,A Light in the Attic,51.47
2026-06-06,A Light in the Attic,52.8
2026-06-05,A Light in the Attic,52.93
2026-06-04,A Light in the Attic,51.72
2026-06-03,A Light in the Attic,51.67
2026-06-02,A Light in the Attic,50.41
2026-06-08,Tipping the Velvet,52.49
2026-06-07,Tipping the Velvet,53.09
2026-06-06,Tipping the Velvet,54.12
2026-06-05,Tipping the Velvet,53.44
2026-06-04,Tipping the Velvet,52.75
2026-06-03,Tipping the Velvet,53.73
2026-06-02,Tipping the Velvet,52.94
2026-06-08,Soumission,50.71
2026-06-07,Soumission,51.28
2026-06-06,Soumission,52.49
2026-06-05,Soumission,51.72
2026-06-04,Soumission,51.61
2026-06-03,Soumission,51.56
2026-06-02,Soumission,52.24
2026-06-08,Sharp Objects,46.33
2026-06-07,Sharp Objects,45.79
2026-06-06,Sharp Objects,46.05
2026-06-05,Sharp Objects,46.72
2026-06-04,Sharp Objects,47.71
2026-06-03,Sharp Objects,46.23
2026-06-02,Sharp Objects,46.97
2026-06-08,Sapiens: A Brief History of Humankind,54.64
2026-06-07,Sapiens: A Brief History of Humankind,55.25
2026-06-06,Sapiens: A Brief History of Humankind,56.11
2026-06-05,Sapiens: A Brief History of Humankind,55.94
2026-06-04,Sapiens: A Brief History of Humankind,56.33
2026-06-03,Sapiens: A Brief History of Humankind,55.18
2026-06-02,Sapiens: A Brief History of Humankind,54.66
2026-06-08,The Requiem Red,23.62
2026-06-07,The Requiem Red,25.1
2026-06-06,The Requiem Red,25.57
2026-06-05,The Requiem Red,26.17
2026-06-04,The Requiem Red,27.04
2026-06-03,The Requiem Red,27.72
2026-06-02,The Requiem Red,28.99
2026-06-08,The Dirty Little Secrets of Getting Your Dream Job,34.24
2026-06-07,The Dirty Little Secrets of Getting Your Dream Job,35.2
2026-06-06,The Dirty Little Secrets of Getting Your Dream Job,35.74
2026-06-05,The Dirty Little Secrets of Getting Your Dream Job,35.55
2026-06-04,The Dirty Little Secrets of Getting Your Dream Job,34.73
2026-06-03,The Dirty Little Secrets of Getting Your Dream Job,35.85
2026-06-02,The Dirty Little Secrets of Getting Your Dream Job,34.85
2026-06-08,"The Coming Woman: A Novel Based on the Life of the Infamous Feminist, Victoria Woodhull",17.15
2026-06-07,"The Coming Woman: A Novel Based on the Life of the Infamous Feminist, Victoria Woodhull",16.04
2026-06-06,"The Coming Woman: A Novel Based on the Life of the Infamous Feminist, Victoria Woodhull",16.01
2026-06-05,"The Coming Woman: A Novel Based on the Life of the Infamous Feminist, Victoria Woodhull",17.04
2026-06-04,"The Coming Woman: A Novel Based on the Life of the Infamous Feminist, Victoria Woodhull",17.0
2026-06-03,"The Coming Woman: A Novel Based on the Life of the Infamous Feminist, Victoria Woodhull",16.58
2026-06-02,"The Coming Woman: A Novel Based on the Life of the Infamous Feminist, Victoria Woodhull",16.65
2026-06-08,The Boys in the Boat: Nine Americans and Their Epic Quest for Gold at the 1936 Berlin Olympics,23.22
2026-06-07,The Boys in the Boat: Nine Americans and Their Epic Quest for Gold at the 1936 Berlin Olympics,21.73
2026-06-06,The Boys in the Boat: Nine Americans and Their Epic Quest for Gold at the 1936 Berlin Olympics,22.28
2026-06-05,The Boys in the Boat: Nine Americans and Their Epic Quest for Gold at the 1936 Berlin Olympics,21.4
2026-06-04,The Boys in the Boat: Nine Americans and Their Epic Quest for Gold at the 1936 Berlin Olympics,21.87
2026-06-03,The Boys in the Boat: Nine Americans and Their Epic Quest for Gold at the 1936 Berlin Olympics,22.32
2026-06-02,The Boys in the Boat: Nine Americans and Their Epic Quest for Gold at the 1936 Berlin Olympics,21.25
2026-06-08,The Black Maria,52.3
2026-06-07,The Black Maria,52.94
2026-06-06,The Black Maria,53.62
2026-06-05,The Black Maria,53.82
2026-06-04,The Black Maria,54.75
2026-06-03,The Black Maria,54.53
2026-06-02,The Black Maria,53.66
2026-06-08,"Starving Hearts (Triangular Trade Trilogy, #1)",13.08
2026-06-07,"Starving Hearts (Triangular Trade Trilogy, #1)",12.16
2026-06-06,"Starving Hearts (Triangular Trade Trilogy, #1)",12.06
2026-06-05,"Starving Hearts (Triangular Trade Trilogy, #1)",11.96
2026-06-04,"Starving Hearts (Triangular Trade Trilogy, #1)",12.64
2026-06-03,"Starving Hearts (Triangular Trade Trilogy, #1)",13.07
2026-06-02,"Starving Hearts (Triangular Trade Trilogy, #1)",12.41
2026-06-08,Shakespeare's Sonnets,21.71
2026-06-07,Shakespeare's Sonnets,20.91
2026-06-06,Shakespeare's Sonnets,21.65
2026-06-05,Shakespeare's Sonnets,21.21
2026-06-04,Shakespeare's Sonnets,21.69
2026-06-03,Shakespeare's Sonnets,22.53
2026-06-02,Shakespeare's Sonnets,22.47
2026-06-08,Set Me Free,18.87
2026-06-07,Set Me Free,18.51
2026-06-06,Set Me Free,19.72
2026-06-05,Set Me Free,18.83
2026-06-04,Set Me Free,17.46
2026-06-03,Set Me Free,17.7
2026-06-02,Set Me Free,19.16
2026-06-08,Scott Pilgrim's Precious Little Life (Scott Pilgrim #1),52.09
2026-06-07,Scott Pilgrim's Precious Little Life (Scott Pilgrim #1),53.04
2026-06-06,Scott Pilgrim's Precious Little Life (Scott Pilgrim #1),52.97
2026-06-05,Scott Pilgrim's Precious Little Life (Scott Pilgrim #1),51.64
2026-06-04,Scott Pilgrim's Precious Little Life (Scott Pilgrim #1),50.63
2026-06-03,Scott Pilgrim's Precious Little Life (Scott Pilgrim #1),51.57
2026-06-02,Scott Pilgrim's Precious Little Life (Scott Pilgrim #1),50.5
2026-06-08,Rip it Up and Start Again,34.62
2026-06-07,Rip it Up and Start Again,33.15
2026-06-06,Rip it Up and Start Again,32.6
2026-06-05,Rip it Up and Start Again,34.05
2026-06-04,Rip it Up and Start Again,33.68
2026-06-03,Rip it Up and Start Again,32.8
2026-06-02,Rip it Up and Start Again,31.85
2026-06-08,"Our Band Could Be Your Life: Scenes from the American Indie Underground, 1981-1991",57.49
2026-06-07,"Our Band Could Be Your Life: Scenes from the American Indie Underground, 1981-1991",57.71
2026-06-06,"Our Band Could Be Your Life: Scenes from the American Indie Underground, 1981-1991",56.21
2026-06-05,"Our Band Could Be Your Life: Scenes from the American Indie Underground, 1981-1991",55.24
2026-06-04,"Our Band Could Be Your Life: Scenes from the American Indie Underground, 1981-1991",56.08
2026-06-03,"Our Band Could Be Your Life: Scenes from the American Indie Underground, 1981-1991",56.57
2026-06-02,"Our Band Could Be Your Life: Scenes from the American Indie Underground, 1981-1991",56.58
2026-06-08,Olio,25.07
2026-06-07,Olio,26.37
2026-06-06,Olio,26.43
2026-06-05,Olio,26.16
2026-06-04,Olio,26.3
2026-06-03,Olio,24.93
2026-06-02,Olio,25.88
2026-06-08,Mesaerion: The Best Science Fiction Stories 1800-1849,38.38
2026-06-07,Mesaerion: The Best Science Fiction Stories 1800-1849,38.93
2026-06-06,Mesaerion: The Best Science Fiction Stories 1800-1849,38.39
2026-06-05,Mesaerion: The Best Science Fiction Stories 1800-1849,38.81
2026-06-04,Mesaerion: The Best Science Fiction Stories 1800-1849,39.89
2026-06-03,Mesaerion: The Best Science Fiction Stories 1800-1849,40.43
2026-06-02,Mesaerion: The Best Science Fiction Stories 1800-1849,39.76
2026-06-08,Libertarianism for Beginners,50.36
2026-06-07,Libertarianism for Beginners,51.62
2026-06-06,Libertarianism for Beginners,52.92
2026-06-05,Libertarianism for Beginners,51.77
2026-06-04,Libertarianism for Beginners,53.17
2026-06-03,Libertarianism for Beginners,52.34
2026-06-02,Libertarianism for Beginners,52.15
2026-06-08,It's Only the Himalayas,46.53
2026-06-07,It's Only the Himalayas,46.68
2026-06-06,It's Only the Himalayas,47.21
2026-06-05,It's Only the Himalayas,47.05
2026-06-04,It's Only the Himalayas,47.78
2026-06-03,It's Only the Himalayas,47.96
2026-06-02,It's Only the Himalayas,46.5
2026-06-08,In Her Wake,12.86
2026-06-07,In Her Wake,14.24
2026-06-06,In Her Wake,12.86
2026-06-05,In Her Wake,11.63
2026-06-04,In Her Wake,11.38
2026-06-03,In Her Wake,12.87
2026-06-02,In Her Wake,12.14
2026-06-08,How Music Works,36.37
2026-06-07,How Music Works,35.92
2026-06-06,How Music Works,35.84
2026-06-05,How Music Works,36.08
2026-06-04,How Music Works,34.92
2026-06-03,How Music Works,33.43
2026-06-02,How Music Works,34.11
2026-06-08,"Foolproof Preserving: A Guide to Small Batch Jams, Jellies, Pickles, Condiments, and More: A Foolproof Guide to Making Small Batch Jams, Jellies, Pickles, Condiments, and More",30.9
2026-06-07,"Foolproof Preserving: A Guide to Small Batch Jams, Jellies, Pickles, Condiments, and More: A Foolproof Guide to Making Small Batch Jams, Jellies, Pickles, Condiments, and More",32.27
2026-06-06,"Foolproof Preserving: A Guide to Small Batch Jams, Jellies, Pickles, Condiments, and More: A Foolproof Guide to Making Small Batch Jams, Jellies, Pickles, Condiments, and More",33.44
2026-06-05,"Foolproof Preserving: A Guide to Small Batch Jams, Jellies, Pickles, Condiments, and More: A Foolproof Guide to Making Small Batch Jams, Jellies, Pickles, Condiments, and More",31.95
2026-06-04,"Foolproof Preserving: A Guide to Small Batch Jams, Jellies, Pickles, Condiments, and More: A Foolproof Guide to Making Small Batch Jams, Jellies, Pickles, Condiments, and More",32.94
2026-06-03,"Foolproof Preserving: A Guide to Small Batch Jams, Jellies, Pickles, Condiments, and More: A Foolproof Guide to Making Small Batch Jams, Jellies, Pickles, Condiments, and More",33.09
2026-06-02,"Foolproof Preserving: A Guide to Small Batch Jams, Jellies, Pickles, Condiments, and More: A Foolproof Guide to Making Small Batch Jams, Jellies, Pickles, Condiments, and More",31.73
2026-06-08,Chase Me (Paris Nights #2),24.71
2026-06-07,Chase Me (Paris Nights #2),25.65
2026-06-06,Chase Me (Paris Nights #2),26.39
2026-06-05,Chase Me (Paris Nights #2),25.47
2026-06-04,Chase Me (Paris Nights #2),26.1
2026-06-03,Chase Me (Paris Nights #2),26.11
2026-06-02,Chase Me (Paris Nights #2),24.86
2026-06-08,Black Dust,33.21
2026-06-07,Black Dust,32.53
2026-06-06,Black Dust,32.53
2026-06-05,Black Dust,31.57
2026-06-04,Black Dust,30.93
2026-06-03,Black Dust,31.83
2026-06-02,Black Dust,32.12
2026-06-08,Birdsong: A Story in Pictures,53.89
2026-06-07,Birdsong: A Story in Pictures,54.47
2026-06-06,Birdsong: A Story in Pictures,54.25
2026-06-05,Birdsong: A Story in Pictures,55.71
2026-06-04,Birdsong: A Story in Pictures,56.46
2026-06-03,Birdsong: A Story in Pictures,55.83
2026-06-02,Birdsong: A Story in Pictures,55.67
2026-06-08,America's Cradle of Quarterbacks: Western Pennsylvania's Football Factory from Johnny Unitas to Joe Montana,21.94
2026-06-07,America's Cradle of Quarterbacks: Western Pennsylvania's Football Factory from Johnny Unitas to Joe Montana,21.47
2026-06-06,America's Cradle of Quarterbacks: Western Pennsylvania's Football Factory from Johnny Unitas to Joe Montana,22.66
2026-06-05,America's Cradle of Quarterbacks: Western Pennsylvania's Football Factory from Johnny Unitas to Joe Montana,21.57
2026-06-04,America's Cradle of Quarterbacks: Western Pennsylvania's Football Factory from Johnny Unitas to Joe Montana,22.4
2026-06-03,America's Cradle of Quarterbacks: Western Pennsylvania's Football Factory from Johnny Unitas to Joe Montana,23.08
2026-06-02,America's Cradle of Quarterbacks: Western Pennsylvania's Football Factory from Johnny Unitas to Joe Montana,21.58
2026-06-08,Aladdin and His Wonderful Lamp,53.42
2026-06-07,Aladdin and His Wonderful Lamp,54.8
2026-06-06,Aladdin and His Wonderful Lamp,55.0
2026-06-05,Aladdin and His Wonderful Lamp,56.43
2026-06-04,Aladdin and His Wonderful Lamp,57.65
2026-06-03,Aladdin and His Wonderful Lamp,56.9
2026-06-02,Aladdin and His Wonderful Lamp,56.01
2026-06-08,Worlds Elsewhere: Journeys Around Shakespeare’s Globe,41.27
2026-06-07,Worlds Elsewhere: Journeys Around Shakespeare’s Globe,41.53
2026-06-06,Worlds Elsewhere: Journeys Around Shakespeare’s Globe,41.11
2026-06-05,Worlds Elsewhere: Journeys Around Shakespeare’s Globe,40.85
2026-06-04,Worlds Elsewhere: Journeys Around Shakespeare’s Globe,42.04
2026-06-03,Worlds Elsewhere: Journeys Around Shakespeare’s Globe,41.34
2026-06-02,Worlds Elsewhere: Journeys Around Shakespeare’s Globe,40.49
2026-06-08,Wall and Piece,44.89
2026-06-07,Wall and Piece,43.55
2026-06-06,Wall and Piece,43.62
2026-06-05,Wall and Piece,43.01
2026-06-04,Wall and Piece,42.58
2026-06-03,Wall and Piece,42.15
2026-06-02,Wall and Piece,43.44
2026-06-08,The Four Agreements: A Practical Guide to Personal Freedom,17.93
2026-06-07,The Four Agreements: A Practical Guide to Personal Freedom,18.17
2026-06-06,The Four Agreements: A Practical Guide to Personal Freedom,19.36
2026-06-05,The Four Agreements: A Practical Guide to Personal Freedom,20.28
2026-06-04,The Four Agreements: A Practical Guide to Personal Freedom,21.53
2026-06-03,The Four Agreements: A Practical Guide to Personal Freedom,20.31
2026-06-02,The Four Agreements: A Practical Guide to Personal Freedom,21.31
2026-06-08,The Five Love Languages: How to Express Heartfelt Commitment to Your Mate,29.91
2026-06-07,The Five Love Languages: How to Express Heartfelt Commitment to Your Mate,29.55
2026-06-06,The Five Love Languages: How to Express Heartfelt Commitment to Your Mate,29.97
2026-06-05,The Five Love Languages: How to Express Heartfelt Commitment to Your Mate,29.94
2026-06-04,The Five Love Languages: How to Express Heartfelt Commitment to Your Mate,29.43
2026-06-03,The Five Love Languages: How to Express Heartfelt Commitment to Your Mate,30.21
2026-06-02,The Five Love Languages: How to Express Heartfelt Commitment to Your Mate,31.35
2026-06-08,The Elephant Tree,24.98
2026-06-07,The Elephant Tree,26.17
2026-06-06,The Elephant Tree,25.63
2026-06-05,The Elephant Tree,25.62
2026-06-04,The Elephant Tree,25.11
2026-06-03,The Elephant Tree,24.82
2026-06-02,The Elephant Tree,26.2
2026-06-08,The Bear and the Piano,36.76
2026-06-07,The Bear and the Piano,35.61
2026-06-06,The Bear and the Piano,34.48
2026-06-05,The Bear and the Piano,34.53
2026-06-04,The Bear and the Piano,35.43
2026-06-03,The Bear and the Piano,35.2
2026-06-02,The Bear and the Piano,34.63
2026-06-08,Sophie's World,17.21
2026-06-07,Sophie's World,16.07
2026-06-06,Sophie's World,15.02
2026-06-05,Sophie's World,16.41
2026-06-04,Sophie's World,17.13
2026-06-03,Sophie's World,17.73
2026-06-02,Sophie's World,16.76
2026-06-08,Penny Maybe,32.56
2026-06-07,Penny Maybe,33.01
2026-06-06,Penny Maybe,32.66
2026-06-05,Penny Maybe,32.52
2026-06-04,Penny Maybe,31.83
2026-06-03,Penny Maybe,32.22
2026-06-02,Penny Maybe,32.63
2026-06-08,Maude (1883-1993):She Grew Up with the country,19.1
2026-06-07,Maude (1883-1993):She Grew Up with the country,17.85
2026-06-06,Maude (1883-1993):She Grew Up with the country,16.43
2026-06-05,Maude (1883-1993):She Grew Up with the country,15.58
2026-06-04,Maude (1883-1993):She Grew Up with the country,15.46
2026-06-03,Maude (1883-1993):She Grew Up with the country,14.58
2026-06-02,Maude (1883-1993):She Grew Up with the country,15.17
2026-06-08,"In a Dark, Dark Wood",19.26
2026-06-07,"In a Dark, Dark Wood",18.74
2026-06-06,"In a Dark, Dark Wood",17.62
2026-06-05,"In a Dark, Dark Wood",17.01
2026-06-04,"In a Dark, Dark Wood",17.23
2026-06-03,"In a Dark, Dark Wood",16.12
2026-06-02,"In a Dark, Dark Wood",14.89
2026-06-08,Behind Closed Doors,50.93
2026-06-07,Behind Closed Doors,52.09
2026-06-06,Behind Closed Doors,52.11
2026-06-05,Behind Closed Doors,51.11
2026-06-04,Behind Closed Doors,50.95
2026-06-03,Behind Closed Doors,50.97
2026-06-02,Behind Closed Doors,50.55
2026-06-08,You can't bury them all: Poems,34.21
2026-06-07,You can't bury them all: Poems,35.28
2026-06-06,You can't bury them all: Poems,35.73
2026-06-05,You can't bury them all: Poems,37.19
2026-06-04,You can't bury them all: Poems,36.86
2026-06-03,You can't bury them all: Poems,37.86
2026-06-02,You can't bury them all: Poems,36.67
2026-06-08,Slow States of Collapse: Poems,57.69
2026-06-07,Slow States of Collapse: Poems,58.0
2026-06-06,Slow States of Collapse: Poems,57.98
2026-06-05,Slow States of Collapse: Poems,59.4
2026-06-04,Slow States of Collapse: Poems,59.51
2026-06-03,Slow States of Collapse: Poems,58.05
2026-06-02,Slow States of Collapse: Poems,58.43
2026-06-08,Reasons to Stay Alive,26.95
2026-06-07,Reasons to Stay Alive,26.08
2026-06-06,Reasons to Stay Alive,24.8
2026-06-05,Reasons to Stay Alive,26.17
2026-06-04,Reasons to Stay Alive,24.74
2026-06-03,Reasons to Stay Alive,25.99
2026-06-02,Reasons to Stay Alive,25.44
2026-06-08,Private Paris (Private #10),47.17
2026-06-07,Private Paris (Private #10),47.37
2026-06-06,Private Paris (Private #10),46.17
2026-06-05,Private Paris (Private #10),45.19
2026-06-04,Private Paris (Private #10),44.47
2026-06-03,Private Paris (Private #10),44.5
2026-06-02,Private Paris (Private #10),43.08
2026-06-08,#HigherSelfie: Wake Up Your Life. Free Your Soul. Find Your Tribe.,24.22
2026-06-07,#HigherSelfie: Wake Up Your Life. Free Your Soul. Find Your Tribe.,23.8
2026-06-06,#HigherSelfie: Wake Up Your Life. Free Your Soul. Find Your Tribe.,24.51
2026-06-05,#HigherSelfie: Wake Up Your Life. Free Your Soul. Find Your Tribe.,25.38
2026-06-04,#HigherSelfie: Wake Up Your Life. Free Your Soul. Find Your Tribe.,26.37
2026-06-03,#HigherSelfie: Wake Up Your Life. Free Your Soul. Find Your Tribe.,27.61
2026-06-02,#HigherSelfie: Wake Up Your Life. Free Your Soul. Find Your Tribe.,27.16
2026-06-08,Without Borders (Wanderlove #1),44.63
2026-06-07,Without Borders (Wanderlove #1),44.66
2026-06-06,Without Borders (Wanderlove #1),44.16
2026-06-05,Without Borders (Wanderlove #1),45.3
2026-06-04,Without Borders (Wanderlove #1),45.32
2026-06-03,Without Borders (Wanderlove #1),45.28
2026-06-02,Without Borders (Wanderlove #1),46.68
2026-06-08,When We Collided,30.63
2026-06-07,When We Collided,29.41
2026-06-06,When We Collided,28.37
2026-06-05,When We Collided,28.52
2026-06-04,When We Collided,27.9
2026-06-03,When We Collided,29.22
2026-06-02,When We Collided,30.1
2026-06-08,"We Love You, Charlie Freeman",49.06
2026-06-07,"We Love You, Charlie Freeman",48.65
2026-06-06,"We Love You, Charlie Freeman",49.18
2026-06-05,"We Love You, Charlie Freeman",50.23
2026-06-04,"We Love You, Charlie Freeman",49.11
2026-06-03,"We Love You, Charlie Freeman",48.79
2026-06-02,"We Love You, Charlie Freeman",47.9
2026-06-08,Untitled Collection: Sabbath Poems 2014,15.34
2026-06-07,Untitled Collection: Sabbath Poems 2014,16.24
2026-06-06,Untitled Collection: Sabbath Poems 2014,17.13
2026-06-05,Untitled Collection: Sabbath Poems 2014,18.11
2026-06-04,Untitled Collection: Sabbath Poems 2014,16.9
2026-06-03,Untitled Collection: Sabbath Poems 2014,15.85
2026-06-02,Untitled Collection: Sabbath Poems 2014,15.56
2026-06-08,"Unseen City: The Majesty of Pigeons, the Discreet Charm of Snails & Other Wonders of the Urban Wilderness",42.79
2026-06-07,"Unseen City: The Majesty of Pigeons, the Discreet Charm of Snails & Other Wonders of the Urban Wilderness",41.55
2026-06-06,"Unseen City: The Majesty of Pigeons, the Discreet Charm of Snails & Other Wonders of the Urban Wilderness",42.03
2026-06-05,"Unseen City: The Majesty of Pigeons, the Discreet Charm of Snails & Other Wonders of the Urban Wilderness",41.59
2026-06-04,"Unseen City: The Majesty of Pigeons, the Discreet Charm of Snails & Other Wonders of the Urban Wilderness",40.3
2026-06-03,"Unseen City: The Majesty of Pigeons, the Discreet Charm of Snails & Other Wonders of the Urban Wilderness",40.51
2026-06-02,"Unseen City: The Majesty of Pigeons, the Discreet Charm of Snails & Other Wonders of the Urban Wilderness",41.34
2026-06-08,Unicorn Tracks,18.56
2026-06-07,Unicorn Tracks,18.61
2026-06-06,Unicorn Tracks,19.04
2026-06-05,Unicorn Tracks,20.45
2026-06-04,Unicorn Tracks,21.9
2026-06-03,Unicorn Tracks,20.74
2026-06-02,Unicorn Tracks,19.59
2026-06-08,"Unbound: How Eight Technologies Made Us Human, Transformed Society, and Brought Our World to the Brink",25.22
2026-06-07,"Unbound: How Eight Technologies Made Us Human, Transformed Society, and Brought Our World to the Brink",24.61
2026-06-06,"Unbound: How Eight Technologies Made Us Human, Transformed Society, and Brought Our World to the Brink",23.39
2026-06-05,"Unbound: How Eight Technologies Made Us Human, Transformed Society, and Brought Our World to the Brink",23.31
2026-06-04,"Unbound: How Eight Technologies Made Us Human, Transformed Society, and Brought Our World to the Brink",23.55
2026-06-03,"Unbound: How Eight Technologies Made Us Human, Transformed Society, and Brought Our World to the Brink",24.8
2026-06-02,"Unbound: How Eight Technologies Made Us Human, Transformed Society, and Brought Our World to the Brink",23.94
2026-06-08,Tsubasa: WoRLD CHRoNiCLE 2 (Tsubasa WoRLD CHRoNiCLE #2),14.81
2026-06-07,Tsubasa: WoRLD CHRoNiCLE 2 (Tsubasa WoRLD CHRoNiCLE #2),15.7
2026-06-06,Tsubasa: WoRLD CHRoNiCLE 2 (Tsubasa WoRLD CHRoNiCLE #2),16.36
2026-06-05,Tsubasa: WoRLD CHRoNiCLE 2 (Tsubasa WoRLD CHRoNiCLE #2),15.74
2026-06-04,Tsubasa: WoRLD CHRoNiCLE 2 (Tsubasa WoRLD CHRoNiCLE #2),14.8
2026-06-03,Tsubasa: WoRLD CHRoNiCLE 2 (Tsubasa WoRLD CHRoNiCLE #2),14.14
2026-06-02,Tsubasa: WoRLD CHRoNiCLE 2 (Tsubasa WoRLD CHRoNiCLE #2),15.49
2026-06-08,Throwing Rocks at the Google Bus: How Growth Became the Enemy of Prosperity,30.69
2026-06-07,Throwing Rocks at the Google Bus: How Growth Became the Enemy of Prosperity,31.54
2026-06-06,Throwing Rocks at the Google Bus: How Growth Became the Enemy of Prosperity,32.46
2026-06-05,Throwing Rocks at the Google Bus: How Growth Became the Enemy of Prosperity,31.53
2026-06-04,Throwing Rocks at the Google Bus: How Growth Became the Enemy of Prosperity,32.15
2026-06-03,Throwing Rocks at the Google Bus: How Growth Became the Enemy of Prosperity,32.96
2026-06-02,Throwing Rocks at the Google Bus: How Growth Became the Enemy of Prosperity,31.84
2026-06-08,This One Summer,19.15
2026-06-07,This One Summer,20.27
2026-06-06,This One Summer,21.69
2026-06-05,This One Summer,23.11
2026-06-04,This One Summer,23.17
2026-06-03,This One Summer,24.35
2026-06-02,This One Summer,24.58
2026-06-08,Thirst,18.16
2026-06-07,Thirst,17.77
2026-06-06,Thirst,17.03
2026-06-05,Thirst,18.08
2026-06-04,Thirst,17.04
2026-06-03,Thirst,16.3
2026-06-02,Thirst,15.9
2026-06-08,The Torch Is Passed: A Harding Family Story,20.13
2026-06-07,The Torch Is Passed: A Harding Family Story,21.42
2026-06-06,The Torch Is Passed: A Harding Family Story,22.9
2026-06-05,The Torch Is Passed: A Harding Family Story,22.46
2026-06-04,The Torch Is Passed: A Harding Family Story,23.43
2026-06-03,The Torch Is Passed: A Harding Family Story,22.41
2026-06-02,The Torch Is Passed: A Harding Family Story,23.39
2026-06-08,The Secret of Dreadwillow Carse,56.69
2026-06-07,The Secret of Dreadwillow Carse,56.55
2026-06-06,The Secret of Dreadwillow Carse,56.16
2026-06-05,The Secret of Dreadwillow Carse,56.38
2026-06-04,The Secret of Dreadwillow Carse,56.14
2026-06-03,The Secret of Dreadwillow Carse,57.25
2026-06-02,The Secret of Dreadwillow Carse,57.05
2026-06-08,"The Pioneer Woman Cooks: Dinnertime: Comfort Classics, Freezer Food, 16-Minute Meals, and Other Delicious Ways to Solve Supper!",57.33
2026-06-07,"The Pioneer Woman Cooks: Dinnertime: Comfort Classics, Freezer Food, 16-Minute Meals, and Other Delicious Ways to Solve Supper!",57.23
2026-06-06,"The Pioneer Woman Cooks: Dinnertime: Comfort Classics, Freezer Food, 16-Minute Meals, and Other Delicious Ways to Solve Supper!",55.87
2026-06-05,"The Pioneer Woman Cooks: Dinnertime: Comfort Classics, Freezer Food, 16-Minute Meals, and Other Delicious Ways to Solve Supper!",56.7
2026-06-04,"The Pioneer Woman Cooks: Dinnertime: Comfort Classics, Freezer Food, 16-Minute Meals, and Other Delicious Ways to Solve Supper!",56.13
2026-06-03,"The Pioneer Woman Cooks: Dinnertime: Comfort Classics, Freezer Food, 16-Minute Meals, and Other Delicious Ways to Solve Supper!",57.27
2026-06-02,"The Pioneer Woman Cooks: Dinnertime: Comfort Classics, Freezer Food, 16-Minute Meals, and Other Delicious Ways to Solve Supper!",56.62
2026-06-08,The Past Never Ends,56.01
2026-06-07,The Past Never Ends,56.76
2026-06-06,The Past Never Ends,55.3
2026-06-05,The Past Never Ends,53.87
2026-06-04,The Past Never Ends,52.63
2026-06-03,The Past Never Ends,54.12
2026-06-02,The Past Never Ends,54.93
2026-06-08,The Natural History of Us (The Fine Art of Pretending #2),45.48
2026-06-07,The Natural History of Us (The Fine Art of Pretending #2),45.97
2026-06-06,The Natural History of Us (The Fine Art of Pretending #2),44.65
2026-06-05,The Natural History of Us (The Fine Art of Pretending #2),45.57
2026-06-04,The Natural History of Us (The Fine Art of Pretending #2),45.72
2026-06-03,The Natural History of Us (The Fine Art of Pretending #2),45.82
2026-06-02,The Natural History of Us (The Fine Art of Pretending #2),47.05
2026-06-08,The Nameless City (The Nameless City #1),38.95
2026-06-07,The Nameless City (The Nameless City #1),38.77
2026-06-06,The Nameless City (The Nameless City #1),37.98
2026-06-05,The Nameless City (The Nameless City #1),36.7
2026-06-04,The Nameless City (The Nameless City #1),37.4
2026-06-03,The Nameless City (The Nameless City #1),37.59
2026-06-02,The Nameless City (The Nameless City #1),37.17
2026-06-08,The Murder That Never Was (Forensic Instincts #5),54.78
2026-06-07,The Murder That Never Was (Forensic Instincts #5),53.4
2026-06-06,The Murder That Never Was (Forensic Instincts #5),51.98
2026-06-05,The Murder That Never Was (Forensic Instincts #5),51.98
2026-06-04,The Murder That Never Was (Forensic Instincts #5),50.55
2026-06-03,The Murder That Never Was (Forensic Instincts #5),50.18
2026-06-02,The Murder That Never Was (Forensic Instincts #5),49.28
2026-06-08,The Most Perfect Thing: Inside (and Outside) a Bird's Egg,42.87
2026-06-07,The Most Perfect Thing: Inside (and Outside) a Bird's Egg,41.88
2026-06-06,The Most Perfect Thing: Inside (and Outside) a Bird's Egg,43.03
2026-06-05,The Most Perfect Thing: Inside (and Outside) a Bird's Egg,43.9
2026-06-04,The Most Perfect Thing: Inside (and Outside) a Bird's Egg,44.52
2026-06-03,The Most Perfect Thing: Inside (and Outside) a Bird's Egg,45.74
2026-06-02,The Most Perfect Thing: Inside (and Outside) a Bird's Egg,44.81
2026-06-08,"The Mindfulness and Acceptance Workbook for Anxiety: A Guide to Breaking Free from Anxiety, Phobias, and Worry Using Acceptance and Commitment Therapy",25.15
2026-06-07,"The Mindfulness and Acceptance Workbook for Anxiety: A Guide to Breaking Free from Anxiety, Phobias, and Worry Using Acceptance and Commitment Therapy",25.48
2026-06-06,"The Mindfulness and Acceptance Workbook for Anxiety: A Guide to Breaking Free from Anxiety, Phobias, and Worry Using Acceptance and Commitment Therapy",25.94
2026-06-05,"The Mindfulness and Acceptance Workbook for Anxiety: A Guide to Breaking Free from Anxiety, Phobias, and Worry Using Acceptance and Commitment Therapy",24.66
2026-06-04,"The Mindfulness and Acceptance Workbook for Anxiety: A Guide to Breaking Free from Anxiety, Phobias, and Worry Using Acceptance and Commitment Therapy",25.24
2026-06-03,"The Mindfulness and Acceptance Workbook for Anxiety: A Guide to Breaking Free from Anxiety, Phobias, and Worry Using Acceptance and Commitment Therapy",25.73
2026-06-02,"The Mindfulness and Acceptance Workbook for Anxiety: A Guide to Breaking Free from Anxiety, Phobias, and Worry Using Acceptance and Commitment Therapy",26.1
2026-06-08,The Life-Changing Magic of Tidying Up: The Japanese Art of Decluttering and Organizing,17.63
2026-06-07,The Life-Changing Magic of Tidying Up: The Japanese Art of Decluttering and Organizing,18.3
2026-06-06,The Life-Changing Magic of Tidying Up: The Japanese Art of Decluttering and Organizing,19.13
2026-06-05,The Life-Changing Magic of Tidying Up: The Japanese Art of Decluttering and Organizing,19.22
2026-06-04,The Life-Changing Magic of Tidying Up: The Japanese Art of Decluttering and Organizing,18.3
2026-06-03,The Life-Changing Magic of Tidying Up: The Japanese Art of Decluttering and Organizing,17.45
2026-06-02,The Life-Changing Magic of Tidying Up: The Japanese Art of Decluttering and Organizing,17.29
2026-06-08,"The Inefficiency Assassin: Time Management Tactics for Working Smarter, Not Longer",20.27
2026-06-07,"The Inefficiency Assassin: Time Management Tactics for Working Smarter, Not Longer",21.16
2026-06-06,"The Inefficiency Assassin: Time Management Tactics for Working Smarter, Not Longer",22.06
2026-06-05,"The Inefficiency Assassin: Time Management Tactics for Working Smarter, Not Longer",21.12
2026-06-04,"The Inefficiency Assassin: Time Management Tactics for Working Smarter, Not Longer",22.31
2026-06-03,"The Inefficiency Assassin: Time Management Tactics for Working Smarter, Not Longer",21.44
2026-06-02,"The Inefficiency Assassin: Time Management Tactics for Working Smarter, Not Longer",22.73
2026-06-08,The Gutsy Girl: Escapades for Your Life of Epic Adventure,36.77
2026-06-07,The Gutsy Girl: Escapades for Your Life of Epic Adventure,36.41
2026-06-06,The Gutsy Girl: Escapades for Your Life of Epic Adventure,37.83
2026-06-05,The Gutsy Girl: Escapades for Your Life of Epic Adventure,38.25
2026-06-04,The Gutsy Girl: Escapades for Your Life of Epic Adventure,39.57
2026-06-03,The Gutsy Girl: Escapades for Your Life of Epic Adventure,39.13
2026-06-02,The Gutsy Girl: Escapades for Your Life of Epic Adventure,40.37
2026-06-08,The Electric Pencil: Drawings from Inside State Hospital No. 3,56.17
2026-06-07,The Electric Pencil: Drawings from Inside State Hospital No. 3,56.86
2026-06-06,The Electric Pencil: Drawings from Inside State Hospital No. 3,55.83
2026-06-05,The Electric Pencil: Drawings from Inside State Hospital No. 3,54.79
2026-06-04,The Electric Pencil: Drawings from Inside State Hospital No. 3,53.97
2026-06-03,The Electric Pencil: Drawings from Inside State Hospital No. 3,54.02
2026-06-02,The Electric Pencil: Drawings from Inside State Hospital No. 3,52.63
2026-06-08,The Death of Humanity: and the Case for Life,59.28
2026-06-07,The Death of Humanity: and the Case for Life,60.4
2026-06-06,The Death of Humanity: and the Case for Life,59.0
2026-06-05,The Death of Humanity: and the Case for Life,59.15
2026-06-04,The Death of Humanity: and the Case for Life,57.83
2026-06-03,The Death of Humanity: and the Case for Life,58.72
2026-06-02,The Death of Humanity: and the Case for Life,58.73
2026-06-08,"The Bulletproof Diet: Lose up to a Pound a Day, Reclaim Energy and Focus, Upgrade Your Life",48.31
2026-06-07,"The Bulletproof Diet: Lose up to a Pound a Day, Reclaim Energy and Focus, Upgrade Your Life",47.48
2026-06-06,"The Bulletproof Diet: Lose up to a Pound a Day, Reclaim Energy and Focus, Upgrade Your Life",48.48
2026-06-05,"The Bulletproof Diet: Lose up to a Pound a Day, Reclaim Energy and Focus, Upgrade Your Life",48.99
2026-06-04,"The Bulletproof Diet: Lose up to a Pound a Day, Reclaim Energy and Focus, Upgrade Your Life",49.98
2026-06-03,"The Bulletproof Diet: Lose up to a Pound a Day, Reclaim Energy and Focus, Upgrade Your Life",50.48
2026-06-02,"The Bulletproof Diet: Lose up to a Pound a Day, Reclaim Energy and Focus, Upgrade Your Life",51.53
2026-06-08,The Art Forger,40.11
2026-06-07,The Art Forger,40.21
2026-06-06,The Art Forger,39.24
2026-06-05,The Art Forger,38.75
2026-06-04,The Art Forger,39.54
2026-06-03,The Art Forger,39.44
2026-06-02,The Art Forger,38.36
2026-06-08,The Age of Genius: The Seventeenth Century and the Birth of the Modern Mind,18.36
2026-06-07,The Age of Genius: The Seventeenth Century and the Birth of the Modern Mind,19.48
2026-06-06,The Age of Genius: The Seventeenth Century and the Birth of the Modern Mind,19.63
2026-06-05,The Age of Genius: The Seventeenth Century and the Birth of the Modern Mind,19.09
2026-06-04,The Age of Genius: The Seventeenth Century and the Birth of the Modern Mind,18.85
2026-06-03,The Age of Genius: The Seventeenth Century and the Birth of the Modern Mind,17.78
2026-06-02,The Age of Genius: The Seventeenth Century and the Birth of the Modern Mind,16.74
2026-06-08,The Activist's Tao Te Ching: Ancient Advice for a Modern Revolution,31.76
2026-06-07,The Activist's Tao Te Ching: Ancient Advice for a Modern Revolution,31.78
2026-06-06,The Activist's Tao Te Ching: Ancient Advice for a Modern Revolution,30.94
2026-06-05,The Activist's Tao Te Ching: Ancient Advice for a Modern Revolution,30.03
2026-06-04,The Activist's Tao Te Ching: Ancient Advice for a Modern Revolution,30.57
2026-06-03,The Activist's Tao Te Ching: Ancient Advice for a Modern Revolution,29.54
2026-06-02,The Activist's Tao Te Ching: Ancient Advice for a Modern Revolution,28.15
2026-06-08,Spark Joy: An Illustrated Master Class on the Art of Organizing and Tidying Up,40.39
2026-06-07,Spark Joy: An Illustrated Master Class on the Art of Organizing and Tidying Up,38.95
2026-06-06,Spark Joy: An Illustrated Master Class on the Art of Organizing and Tidying Up,38.08
2026-06-05,Spark Joy: An Illustrated Master Class on the Art of Organizing and Tidying Up,37.72
2026-06-04,Spark Joy: An Illustrated Master Class on the Art of Organizing and Tidying Up,36.98
2026-06-03,Spark Joy: An Illustrated Master Class on the Art of Organizing and Tidying Up,37.9
2026-06-02,Spark Joy: An Illustrated Master Class on the Art of Organizing and Tidying Up,38.99
2026-06-08,Soul Reader,39.51
2026-06-07,Soul Reader,40.19
2026-06-06,Soul Reader,40.38
2026-06-05,Soul Reader,39.95
2026-06-04,Soul Reader,39.5
2026-06-03,Soul Reader,38.07
2026-06-02,Soul Reader,37.53
2026-06-08,Security,38.06
2026-06-07,Security,39.09
2026-06-06,Security,40.07
2026-06-05,Security,38.59
2026-06-04,Security,39.06
2026-06-03,Security,38.75
2026-06-02,Security,39.67
2026-06-08,"Saga, Volume 6 (Saga (Collected Editions) #6)",24.21
2026-06-07,"Saga, Volume 6 (Saga (Collected Editions) #6)",25.2
2026-06-06,"Saga, Volume 6 (Saga (Collected Editions) #6)",24.2
2026-06-05,"Saga, Volume 6 (Saga (Collected Editions) #6)",25.05
2026-06-04,"Saga, Volume 6 (Saga (Collected Editions) #6)",23.6
2026-06-03,"Saga, Volume 6 (Saga (Collected Editions) #6)",23.71
2026-06-02,"Saga, Volume 6 (Saga (Collected Editions) #6)",24.0
2026-06-08,"Saga, Volume 5 (Saga (Collected Editions) #5)",51.97
2026-06-07,"Saga, Volume 5 (Saga (Collected Editions) #5)",52.92
2026-06-06,"Saga, Volume 5 (Saga (Collected Editions) #5)",53.39
2026-06-05,"Saga, Volume 5 (Saga (Collected Editions) #5)",53.4
2026-06-04,"Saga, Volume 5 (Saga (Collected Editions) #5)",52.71
2026-06-03,"Saga, Volume 5 (Saga (Collected Editions) #5)",53.27
2026-06-02,"Saga, Volume 5 (Saga (Collected Editions) #5)",52.28
2026-06-08,Reskilling America: Learning to Labor in the Twenty-First Century,20.56
2026-06-07,Reskilling America: Learning to Labor in the Twenty-First Century,21.49
2026-06-06,Reskilling America: Learning to Labor in the Twenty-First Century,21.55
2026-06-05,Reskilling America: Learning to Labor in the Twenty-First Century,21.87
2026-06-04,Reskilling America: Learning to Labor in the Twenty-First Century,22.53
2026-06-03,Reskilling America: Learning to Labor in the Twenty-First Century,23.45
2026-06-02,Reskilling America: Learning to Labor in the Twenty-First Century,22.07
2026-06-08,"Rat Queens, Vol. 3: Demons (Rat Queens (Collected Editions) #11-15)",49.48
2026-06-07,"Rat Queens, Vol. 3: Demons (Rat Queens (Collected Editions) #11-15)",49.52
2026-06-06,"Rat Queens, Vol. 3: Demons (Rat Queens (Collected Editions) #11-15)",48.69
2026-06-05,"Rat Queens, Vol. 3: Demons (Rat Queens (Collected Editions) #11-15)",47.45
2026-06-04,"Rat Queens, Vol. 3: Demons (Rat Queens (Collected Editions) #11-15)",46.63
2026-06-03,"Rat Queens, Vol. 3: Demons (Rat Queens (Collected Editions) #11-15)",46.9
2026-06-02,"Rat Queens, Vol. 3: Demons (Rat Queens (Collected Editions) #11-15)",45.85
2026-06-08,"Princess Jellyfish 2-in-1 Omnibus, Vol. 01 (Princess Jellyfish 2-in-1 Omnibus #1)",14.4
2026-06-07,"Princess Jellyfish 2-in-1 Omnibus, Vol. 01 (Princess Jellyfish 2-in-1 Omnibus #1)",13.41
2026-06-06,"Princess Jellyfish 2-in-1 Omnibus, Vol. 01 (Princess Jellyfish 2-in-1 Omnibus #1)",12.65
2026-06-05,"Princess Jellyfish 2-in-1 Omnibus, Vol. 01 (Princess Jellyfish 2-in-1 Omnibus #1)",11.67
2026-06-04,"Princess Jellyfish 2-in-1 Omnibus, Vol. 01 (Princess Jellyfish 2-in-1 Omnibus #1)",11.43
2026-06-03,"Princess Jellyfish 2-in-1 Omnibus, Vol. 01 (Princess Jellyfish 2-in-1 Omnibus #1)",11.47
2026-06-02,"Princess Jellyfish 2-in-1 Omnibus, Vol. 01 (Princess Jellyfish 2-in-1 Omnibus #1)",10.04
2026-06-08,Princess Between Worlds (Wide-Awake Princess #5),12.34
2026-06-07,Princess Between Worlds (Wide-Awake Princess #5),10.99
2026-06-06,Princess Between Worlds (Wide-Awake Princess #5),11.75
2026-06-05,Princess Between Worlds (Wide-Awake Princess #5),11.96
2026-06-04,Princess Between Worlds (Wide-Awake Princess #5),12.72
2026-06-03,Princess Between Worlds (Wide-Awake Princess #5),14.11
2026-06-02,Princess Between Worlds (Wide-Awake Princess #5),14.23
2026-06-08,"Pop Gun War, Volume 1: Gift",18.09
2026-06-07,"Pop Gun War, Volume 1: Gift",18.39
2026-06-06,"Pop Gun War, Volume 1: Gift",17.4
2026-06-05,"Pop Gun War, Volume 1: Gift",17.53
2026-06-04,"Pop Gun War, Volume 1: Gift",17.78
2026-06-03,"Pop Gun War, Volume 1: Gift",17.59
2026-06-02,"Pop Gun War, Volume 1: Gift",17.79
2026-06-08,"Political Suicide: Missteps, Peccadilloes, Bad Calls, Backroom Hijinx, Sordid Pasts, Rotten Breaks, and Just Plain Dumb Mistakes in the Annals of American Politics",35.76
2026-06-07,"Political Suicide: Missteps, Peccadilloes, Bad Calls, Backroom Hijinx, Sordid Pasts, Rotten Breaks, and Just Plain Dumb Mistakes in the Annals of American Politics",37.07
2026-06-06,"Political Suicide: Missteps, Peccadilloes, Bad Calls, Backroom Hijinx, Sordid Pasts, Rotten Breaks, and Just Plain Dumb Mistakes in the Annals of American Politics",37.06
2026-06-05,"Political Suicide: Missteps, Peccadilloes, Bad Calls, Backroom Hijinx, Sordid Pasts, Rotten Breaks, and Just Plain Dumb Mistakes in the Annals of American Politics",37.43
2026-06-04,"Political Suicide: Missteps, Peccadilloes, Bad Calls, Backroom Hijinx, Sordid Pasts, Rotten Breaks, and Just Plain Dumb Mistakes in the Annals of American Politics",36.69
2026-06-03,"Political Suicide: Missteps, Peccadilloes, Bad Calls, Backroom Hijinx, Sordid Pasts, Rotten Breaks, and Just Plain Dumb Mistakes in the Annals of American Politics",35.24
2026-06-02,"Political Suicide: Missteps, Peccadilloes, Bad Calls, Backroom Hijinx, Sordid Pasts, Rotten Breaks, and Just Plain Dumb Mistakes in the Annals of American Politics",35.07
2026-06-08,Patience,11.39
2026-06-07,Patience,11.93
2026-06-06,Patience,12.9
2026-06-05,Patience,13.58
2026-06-04,Patience,12.92
2026-06-03,Patience,13.46
2026-06-02,Patience,14.45
2026-06-08,"Outcast, Vol. 1: A Darkness Surrounds Him (Outcast #1)",14.93
2026-06-07,"Outcast, Vol. 1: A Darkness Surrounds Him (Outcast #1)",15.66
2026-06-06,"Outcast, Vol. 1: A Darkness Surrounds Him (Outcast #1)",14.42
2026-06-05,"Outcast, Vol. 1: A Darkness Surrounds Him (Outcast #1)",15.01
2026-06-04,"Outcast, Vol. 1: A Darkness Surrounds Him (Outcast #1)",16.42
2026-06-03,"Outcast, Vol. 1: A Darkness Surrounds Him (Outcast #1)",16.35
2026-06-02,"Outcast, Vol. 1: A Darkness Surrounds Him (Outcast #1)",16.18
2026-06-08,orange: The Complete Collection 1 (orange: The Complete Collection #1),48.54
2026-06-07,orange: The Complete Collection 1 (orange: The Complete Collection #1),49.73
2026-06-06,orange: The Complete Collection 1 (orange: The Complete Collection #1),51.16
2026-06-05,orange: The Complete Collection 1 (orange: The Complete Collection #1),50.74
2026-06-04,orange: The Complete Collection 1 (orange: The Complete Collection #1),50.92
2026-06-03,orange: The Complete Collection 1 (orange: The Complete Collection #1),50.38
2026-06-02,orange: The Complete Collection 1 (orange: The Complete Collection #1),50.25
2026-06-08,Online Marketing for Busy Authors: A Step-By-Step Guide,45.57
2026-06-07,Online Marketing for Busy Authors: A Step-By-Step Guide,44.44
2026-06-06,Online Marketing for Busy Authors: A Step-By-Step Guide,44.48
2026-06-05,Online Marketing for Busy Authors: A Step-By-Step Guide,45.68
2026-06-04,Online Marketing for Busy Authors: A Step-By-Step Guide,44.29
2026-06-03,Online Marketing for Busy Authors: A Step-By-Step Guide,43.93
2026-06-02,Online Marketing for Busy Authors: A Step-By-Step Guide,42.76
2026-06-08,On a Midnight Clear,15.3
2026-06-07,On a Midnight Clear,15.02
2026-06-06,On a Midnight Clear,14.46
2026-06-05,On a Midnight Clear,15.48
2026-06-04,On a Midnight Clear,14.76
2026-06-03,On a Midnight Clear,14.06
2026-06-02,On a Midnight Clear,14.3
2026-06-08,Obsidian (Lux #1),14.87
2026-06-07,Obsidian (Lux #1),15.58
2026-06-06,Obsidian (Lux #1),16.95
2026-06-05,Obsidian (Lux #1),18.32
2026-06-04,Obsidian (Lux #1),17.96
2026-06-03,Obsidian (Lux #1),17.38
2026-06-02,Obsidian (Lux #1),16.94
2026-06-08,My Paris Kitchen: Recipes and Stories,33.58
2026-06-07,My Paris Kitchen: Recipes and Stories,32.9
2026-06-06,My Paris Kitchen: Recipes and Stories,32.8
2026-06-05,My Paris Kitchen: Recipes and Stories,31.68
2026-06-04,My Paris Kitchen: Recipes and Stories,32.46
2026-06-03,My Paris Kitchen: Recipes and Stories,32.49
2026-06-02,My Paris Kitchen: Recipes and Stories,31.4
2026-06-08,Masks and Shadows,55.75
2026-06-07,Masks and Shadows,56.51
2026-06-06,Masks and Shadows,57.66
2026-06-05,Masks and Shadows,58.93
2026-06-04,Masks and Shadows,59.93
2026-06-03,Masks and Shadows,58.45
2026-06-02,Masks and Shadows,57.51
2026-06-08,"Mama Tried: Traditional Italian Cooking for the Screwed, Crude, Vegan, and Tattooed",14.29
2026-06-07,"Mama Tried: Traditional Italian Cooking for the Screwed, Crude, Vegan, and Tattooed",14.95
2026-06-06,"Mama Tried: Traditional Italian Cooking for the Screwed, Crude, Vegan, and Tattooed",15.99
2026-06-05,"Mama Tried: Traditional Italian Cooking for the Screwed, Crude, Vegan, and Tattooed",16.61
2026-06-04,"Mama Tried: Traditional Italian Cooking for the Screwed, Crude, Vegan, and Tattooed",15.31
2026-06-03,"Mama Tried: Traditional Italian Cooking for the Screwed, Crude, Vegan, and Tattooed",15.44
2026-06-02,"Mama Tried: Traditional Italian Cooking for the Screwed, Crude, Vegan, and Tattooed",15.97
2026-06-08,"Lumberjanes, Vol. 2: Friendship to the Max (Lumberjanes #5-8)",47.07
2026-06-07,"Lumberjanes, Vol. 2: Friendship to the Max (Lumberjanes #5-8)",46.89
2026-06-06,"Lumberjanes, Vol. 2: Friendship to the Max (Lumberjanes #5-8)",47.85
2026-06-05,"Lumberjanes, Vol. 2: Friendship to the Max (Lumberjanes #5-8)",48.68
2026-06-04,"Lumberjanes, Vol. 2: Friendship to the Max (Lumberjanes #5-8)",49.28
2026-06-03,"Lumberjanes, Vol. 2: Friendship to the Max (Lumberjanes #5-8)",50.39
2026-06-02,"Lumberjanes, Vol. 2: Friendship to the Max (Lumberjanes #5-8)",50.6
2026-06-08,"Lumberjanes, Vol. 1: Beware the Kitten Holy (Lumberjanes #1-4)",46.09
2026-06-07,"Lumberjanes, Vol. 1: Beware the Kitten Holy (Lumberjanes #1-4)",44.88
2026-06-06,"Lumberjanes, Vol. 1: Beware the Kitten Holy (Lumberjanes #1-4)",44.84
2026-06-05,"Lumberjanes, Vol. 1: Beware the Kitten Holy (Lumberjanes #1-4)",43.45
2026-06-04,"Lumberjanes, Vol. 1: Beware the Kitten Holy (Lumberjanes #1-4)",42.08
2026-06-03,"Lumberjanes, Vol. 1: Beware the Kitten Holy (Lumberjanes #1-4)",41.36
2026-06-02,"Lumberjanes, Vol. 1: Beware the Kitten Holy (Lumberjanes #1-4)",40.65
2026-06-08,Lumberjanes Vol. 3: A Terrible Plan (Lumberjanes #9-12),20.05
2026-06-07,Lumberjanes Vol. 3: A Terrible Plan (Lumberjanes #9-12),20.84
2026-06-06,Lumberjanes Vol. 3: A Terrible Plan (Lumberjanes #9-12),22.32
2026-06-05,Lumberjanes Vol. 3: A Terrible Plan (Lumberjanes #9-12),22.46
2026-06-04,Lumberjanes Vol. 3: A Terrible Plan (Lumberjanes #9-12),22.59
2026-06-03,Lumberjanes Vol. 3: A Terrible Plan (Lumberjanes #9-12),23.34
2026-06-02,Lumberjanes Vol. 3: A Terrible Plan (Lumberjanes #9-12),23.33
2026-06-08,"Layered: Baking, Building, and Styling Spectacular Cakes",38.62
2026-06-07,"Layered: Baking, Building, and Styling Spectacular Cakes",39.45
2026-06-06,"Layered: Baking, Building, and Styling Spectacular Cakes",39.56
2026-06-05,"Layered: Baking, Building, and Styling Spectacular Cakes",38.79
2026-06-04,"Layered: Baking, Building, and Styling Spectacular Cakes",40.05
2026-06-03,"Layered: Baking, Building, and Styling Spectacular Cakes",38.7
2026-06-02,"Layered: Baking, Building, and Styling Spectacular Cakes",38.28
2026-06-08,Judo: Seven Steps to Black Belt (an Introductory Guide for Beginners),53.03
2026-06-07,Judo: Seven Steps to Black Belt (an Introductory Guide for Beginners),53.17
2026-06-06,Judo: Seven Steps to Black Belt (an Introductory Guide for Beginners),53.58
2026-06-05,Judo: Seven Steps to Black Belt (an Introductory Guide for Beginners),53.61
2026-06-04,Judo: Seven Steps to Black Belt (an Introductory Guide for Beginners),54.56
2026-06-03,Judo: Seven Steps to Black Belt (an Introductory Guide for Beginners),54.5
2026-06-02,Judo: Seven Steps to Black Belt (an Introductory Guide for Beginners),53.05
2026-06-08,Join,36.29
2026-06-07,Join,35.8
2026-06-06,Join,37.2
2026-06-05,Join,35.82
2026-06-04,Join,34.59
2026-06-03,Join,34.27
2026-06-02,Join,34.41
2026-06-08,In the Country We Love: My Family Divided,22.97
2026-06-07,In the Country We Love: My Family Divided,21.87
2026-06-06,In the Country We Love: My Family Divided,22.76
2026-06-05,In the Country We Love: My Family Divided,23.14
2026-06-04,In the Country We Love: My Family Divided,22.86
2026-06-03,In the Country We Love: My Family Divided,22.62
2026-06-02,In the Country We Love: My Family Divided,22.87
2026-06-08,Immunity: How Elie Metchnikoff Changed the Course of Modern Medicine,58.5
2026-06-07,Immunity: How Elie Metchnikoff Changed the Course of Modern Medicine,58.7
2026-06-06,Immunity: How Elie Metchnikoff Changed the Course of Modern Medicine,58.08
2026-06-05,Immunity: How Elie Metchnikoff Changed the Course of Modern Medicine,57.11
2026-06-04,Immunity: How Elie Metchnikoff Changed the Course of Modern Medicine,57.26
2026-06-03,Immunity: How Elie Metchnikoff Changed the Course of Modern Medicine,57.64
2026-06-02,Immunity: How Elie Metchnikoff Changed the Course of Modern Medicine,57.84
2026-06-08,"I Hate Fairyland, Vol. 1: Madly Ever After (I Hate Fairyland (Compilations) #1-5)",28.78
2026-06-07,"I Hate Fairyland, Vol. 1: Madly Ever After (I Hate Fairyland (Compilations) #1-5)",27.94
2026-06-06,"I Hate Fairyland, Vol. 1: Madly Ever After (I Hate Fairyland (Compilations) #1-5)",27.83
2026-06-05,"I Hate Fairyland, Vol. 1: Madly Ever After (I Hate Fairyland (Compilations) #1-5)",27.78
2026-06-04,"I Hate Fairyland, Vol. 1: Madly Ever After (I Hate Fairyland (Compilations) #1-5)",29.2
2026-06-03,"I Hate Fairyland, Vol. 1: Madly Ever After (I Hate Fairyland (Compilations) #1-5)",30.46
2026-06-02,"I Hate Fairyland, Vol. 1: Madly Ever After (I Hate Fairyland (Compilations) #1-5)",30.49
2026-06-08,I am a Hero Omnibus Volume 1,53.47
2026-06-07,I am a Hero Omnibus Volume 1,53.26
2026-06-06,I am a Hero Omnibus Volume 1,52.32
2026-06-05,I am a Hero Omnibus Volume 1,52.24
2026-06-04,I am a Hero Omnibus Volume 1,52.8
2026-06-03,I am a Hero Omnibus Volume 1,54.05
2026-06-02,I am a Hero Omnibus Volume 1,53.61
2026-06-08,How to Be Miserable: 40 Strategies You Already Use,46.3
2026-06-07,How to Be Miserable: 40 Strategies You Already Use,45.88
2026-06-06,How to Be Miserable: 40 Strategies You Already Use,45.12
2026-06-05,How to Be Miserable: 40 Strategies You Already Use,45.27
2026-06-04,How to Be Miserable: 40 Strategies You Already Use,45.88
2026-06-03,How to Be Miserable: 40 Strategies You Already Use,45.78
2026-06-02,How to Be Miserable: 40 Strategies You Already Use,45.32
2026-06-08,Her Backup Boyfriend (The Sorensen Family #1),32.8
2026-06-07,Her Backup Boyfriend (The Sorensen Family #1),31.99
2026-06-06,Her Backup Boyfriend (The Sorensen Family #1),32.08
2026-06-05,Her Backup Boyfriend (The Sorensen Family #1),33.01
2026-06-04,Her Backup Boyfriend (The Sorensen Family #1),31.86
2026-06-03,Her Backup Boyfriend (The Sorensen Family #1),33.02
2026-06-02,Her Backup Boyfriend (The Sorensen Family #1),31.98
2026-06-08,"Giant Days, Vol. 2 (Giant Days #5-8)",22.57
2026-06-07,"Giant Days, Vol. 2 (Giant Days #5-8)",21.78
2026-06-06,"Giant Days, Vol. 2 (Giant Days #5-8)",21.65
2026-06-05,"Giant Days, Vol. 2 (Giant Days #5-8)",20.54
2026-06-04,"Giant Days, Vol. 2 (Giant Days #5-8)",19.59
2026-06-03,"Giant Days, Vol. 2 (Giant Days #5-8)",18.71
2026-06-02,"Giant Days, Vol. 2 (Giant Days #5-8)",17.36
2026-06-08,Forever and Forever: The Courtship of Henry Longfellow and Fanny Appleton,28.51
2026-06-07,Forever and Forever: The Courtship of Henry Longfellow and Fanny Appleton,27.44
2026-06-06,Forever and Forever: The Courtship of Henry Longfellow and Fanny Appleton,26.45
2026-06-05,Forever and Forever: The Courtship of Henry Longfellow and Fanny Appleton,27.47
2026-06-04,Forever and Forever: The Courtship of Henry Longfellow and Fanny Appleton,26.34
2026-06-03,Forever and Forever: The Courtship of Henry Longfellow and Fanny Appleton,25.4
2026-06-02,Forever and Forever: The Courtship of Henry Longfellow and Fanny Appleton,26.9
2026-06-08,First and First (Five Boroughs #3),16.61
2026-06-07,First and First (Five Boroughs #3),17.08
2026-06-06,First and First (Five Boroughs #3),17.71
2026-06-05,First and First (Five Boroughs #3),17.72
2026-06-04,First and First (Five Boroughs #3),16.64
2026-06-03,First and First (Five Boroughs #3),15.26
2026-06-02,First and First (Five Boroughs #3),15.52
2026-06-08,Fifty Shades Darker (Fifty Shades #2),21.58
2026-06-07,Fifty Shades Darker (Fifty Shades #2),21.57
2026-06-06,Fifty Shades Darker (Fifty Shades #2),21.91
2026-06-05,Fifty Shades Darker (Fifty Shades #2),21.43
2026-06-04,Fifty Shades Darker (Fifty Shades #2),20.35
2026-06-03,Fifty Shades Darker (Fifty Shades #2),21.08
2026-06-02,Fifty Shades Darker (Fifty Shades #2),21.05
2026-06-08,Everydata: The Misinformation Hidden in the Little Data You Consume Every Day,55.13
2026-06-07,Everydata: The Misinformation Hidden in the Little Data You Consume Every Day,54.67
2026-06-06,Everydata: The Misinformation Hidden in the Little Data You Consume Every Day,54.1
2026-06-05,Everydata: The Misinformation Hidden in the Little Data You Consume Every Day,54.67
2026-06-04,Everydata: The Misinformation Hidden in the Little Data You Consume Every Day,54.79
2026-06-03,Everydata: The Misinformation Hidden in the Little Data You Consume Every Day,53.36
2026-06-02,Everydata: The Misinformation Hidden in the Little Data You Consume Every Day,52.53
2026-06-08,"Don't Be a Jerk: And Other Practical Advice from Dogen, Japan's Greatest Zen Master",38.48
2026-06-07,"Don't Be a Jerk: And Other Practical Advice from Dogen, Japan's Greatest Zen Master",37.74
2026-06-06,"Don't Be a Jerk: And Other Practical Advice from Dogen, Japan's Greatest Zen Master",38.2
2026-06-05,"Don't Be a Jerk: And Other Practical Advice from Dogen, Japan's Greatest Zen Master",36.73
2026-06-04,"Don't Be a Jerk: And Other Practical Advice from Dogen, Japan's Greatest Zen Master",37.48
2026-06-03,"Don't Be a Jerk: And Other Practical Advice from Dogen, Japan's Greatest Zen Master",38.39
2026-06-02,"Don't Be a Jerk: And Other Practical Advice from Dogen, Japan's Greatest Zen Master",38.13
2026-06-08,Danganronpa Volume 1,50.83
2026-06-07,Danganronpa Volume 1,52.28
2026-06-06,Danganronpa Volume 1,52.61
2026-06-05,Danganronpa Volume 1,52.95
2026-06-04,Danganronpa Volume 1,52.92
2026-06-03,Danganronpa Volume 1,52.14
2026-06-02,Danganronpa Volume 1,51.23
2026-06-08,Crown of Midnight (Throne of Glass #2),43.44
2026-06-07,Crown of Midnight (Throne of Glass #2),44.21
2026-06-06,Crown of Midnight (Throne of Glass #2),45.19
2026-06-05,Crown of Midnight (Throne of Glass #2),44.3
2026-06-04,Crown of Midnight (Throne of Glass #2),43.69
2026-06-03,Crown of Midnight (Throne of Glass #2),44.08
2026-06-02,Crown of Midnight (Throne of Glass #2),43.81
2026-06-08,"Codename Baboushka, Volume 1: The Conclave of Death",37.89
2026-06-07,"Codename Baboushka, Volume 1: The Conclave of Death",36.64
2026-06-06,"Codename Baboushka, Volume 1: The Conclave of Death",37.59
2026-06-05,"Codename Baboushka, Volume 1: The Conclave of Death",38.32
2026-06-04,"Codename Baboushka, Volume 1: The Conclave of Death",37.41
2026-06-03,"Codename Baboushka, Volume 1: The Conclave of Death",37.08
2026-06-02,"Codename Baboushka, Volume 1: The Conclave of Death",36.7
2026-06-08,Camp Midnight,18.31
2026-06-07,Camp Midnight,17.92
2026-06-06,Camp Midnight,17.34
2026-06-05,Camp Midnight,18.08
2026-06-04,Camp Midnight,17.27
2026-06-03,Camp Midnight,16.1
2026-06-02,Camp Midnight,15.22
2026-06-08,Call the Nurse: True Stories of a Country Nurse on a Scottish Isle,30.52
2026-06-07,Call the Nurse: True Stories of a Country Nurse on a Scottish Isle,31.55
2026-06-06,Call the Nurse: True Stories of a Country Nurse on a Scottish Isle,32.31
2026-06-05,Call the Nurse: True Stories of a Country Nurse on a Scottish Isle,33.35
2026-06-04,Call the Nurse: True Stories of a Country Nurse on a Scottish Isle,34.74
2026-06-03,Call the Nurse: True Stories of a Country Nurse on a Scottish Isle,36.22
2026-06-02,Call the Nurse: True Stories of a Country Nurse on a Scottish Isle,34.73
2026-06-08,Burning,27.81
2026-06-07,Burning,28.45
2026-06-06,Burning,28.02
2026-06-05,Burning,26.62
2026-06-04,Burning,25.75
2026-06-03,Burning,26.16
2026-06-02,Burning,26.74
2026-06-08,Bossypants,50.1
2026-06-07,Bossypants,51.0
2026-06-06,Bossypants,49.55
2026-06-05,Bossypants,50.05
2026-06-04,Bossypants,50.68
2026-06-03,Bossypants,50.13
2026-06-02,Bossypants,51.24
2026-06-08,"Bitch Planet, Vol. 1: Extraordinary Machine (Bitch Planet (Collected Editions))",38.15
2026-06-07,"Bitch Planet, Vol. 1: Extraordinary Machine (Bitch Planet (Collected Editions))",38.07
2026-06-06,"Bitch Planet, Vol. 1: Extraordinary Machine (Bitch Planet (Collected Editions))",38.48
2026-06-05,"Bitch Planet, Vol. 1: Extraordinary Machine (Bitch Planet (Collected Editions))",38.46
2026-06-04,"Bitch Planet, Vol. 1: Extraordinary Machine (Bitch Planet (Collected Editions))",37.02
2026-06-03,"Bitch Planet, Vol. 1: Extraordinary Machine (Bitch Planet (Collected Editions))",37.78
2026-06-02,"Bitch Planet, Vol. 1: Extraordinary Machine (Bitch Planet (Collected Editions))",39.15
2026-06-08,"Avatar: The Last Airbender: Smoke and Shadow, Part 3 (Smoke and Shadow #3)",28.12
2026-06-07,"Avatar: The Last Airbender: Smoke and Shadow, Part 3 (Smoke and Shadow #3)",29.04
2026-06-06,"Avatar: The Last Airbender: Smoke and Shadow, Part 3 (Smoke and Shadow #3)",29.61
2026-06-05,"Avatar: The Last Airbender: Smoke and Shadow, Part 3 (Smoke and Shadow #3)",30.47
2026-06-04,"Avatar: The Last Airbender: Smoke and Shadow, Part 3 (Smoke and Shadow #3)",30.62
2026-06-03,"Avatar: The Last Airbender: Smoke and Shadow, Part 3 (Smoke and Shadow #3)",29.16
2026-06-02,"Avatar: The Last Airbender: Smoke and Shadow, Part 3 (Smoke and Shadow #3)",29.78
2026-06-08,Algorithms to Live By: The Computer Science of Human Decisions,31.94
2026-06-07,Algorithms to Live By: The Computer Science of Human Decisions,32.63
2026-06-06,Algorithms to Live By: The Computer Science of Human Decisions,33.49
2026-06-05,Algorithms to Live By: The Computer Science of Human Decisions,33.02
2026-06-04,Algorithms to Live By: The Computer Science of Human Decisions,33.18
2026-06-03,Algorithms to Live By: The Computer Science of Human Decisions,34.44
2026-06-02,Algorithms to Live By: The Computer Science of Human Decisions,34.35
2026-06-08,A World of Flavor: Your Gluten Free Passport,44.09
2026-06-07,A World of Flavor: Your Gluten Free Passport,42.75
2026-06-06,A World of Flavor: Your Gluten Free Passport,44.18
2026-06-05,A World of Flavor: Your Gluten Free Passport,45.4
2026-06-04,A World of Flavor: Your Gluten Free Passport,46.87
2026-06-03,A World of Flavor: Your Gluten Free Passport,47.96
2026-06-02,A World of Flavor: Your Gluten Free Passport,47.4
2026-06-08,"A Piece of Sky, a Grain of Rice: A Memoir in Four Meditations",55.32
2026-06-07,"A Piece of Sky, a Grain of Rice: A Memoir in Four Meditations",54.33
2026-06-06,"A Piece of Sky, a Grain of Rice: A Memoir in Four Meditations",55.49
2026-06-05,"A Piece of Sky, a Grain of Rice: A Memoir in Four Meditations",55.22
2026-06-04,"A Piece of Sky, a Grain of Rice: A Memoir in Four Meditations",56.66
2026-06-03,"A Piece of Sky, a Grain of Rice: A Memoir in Four Meditations",57.43
2026-06-02,"A Piece of Sky, a Grain of Rice: A Memoir in Four Meditations",58.29
2026-06-08,A Murder in Time,15.8
2026-06-07,A Murder in Time,15.04
2026-06-06,A Murder in Time,16.38
2026-06-05,A Murder in Time,16.96
2026-06-04,A Murder in Time,17.52
2026-06-03,A Murder in Time,17.37
2026-06-02,A Murder in Time,16.11
2026-06-08,A Flight of Arrows (The Pathfinders #2),55.12
2026-06-07,A Flight of Arrows (The Pathfinders #2),53.96
2026-06-06,A Flight of Arrows (The Pathfinders #2),54.22
2026-06-05,A Flight of Arrows (The Pathfinders #2),55.16
2026-06-04,A Flight of Arrows (The Pathfinders #2),54.84
2026-06-03,A Flight of Arrows (The Pathfinders #2),53.63
2026-06-02,A Flight of Arrows (The Pathfinders #2),55.0
2026-06-08,A Fierce and Subtle Poison,27.61
2026-06-07,A Fierce and Subtle Poison,28.52
2026-06-06,A Fierce and Subtle Poison,28.56
2026-06-05,A Fierce and Subtle Poison,29.68
2026-06-04,A Fierce and Subtle Poison,28.41
2026-06-03,A Fierce and Subtle Poison,27.35
2026-06-02,A Fierce and Subtle Poison,26.24
2026-06-08,A Court of Thorns and Roses (A Court of Thorns and Roses #1),51.07
2026-06-07,A Court of Thorns and Roses (A Court of Thorns and Roses #1),49.91
2026-06-06,A Court of Thorns and Roses (A Court of Thorns and Roses #1),49.65
2026-06-05,A Court of Thorns and Roses (A Court of Thorns and Roses #1),50.9
2026-06-04,A Court of Thorns and Roses (A Court of Thorns and Roses #1),51.34
2026-06-03,A Court of Thorns and Roses (A Court of Thorns and Roses #1),50.52
2026-06-02,A Court of Thorns and Roses (A Court of Thorns and Roses #1),49.26
2026-06-08,(Un)Qualified: How God Uses Broken People to Do Big Things,52.73
2026-06-07,(Un)Qualified: How God Uses Broken People to Do Big Things,53.14
2026-06-06,(Un)Qualified: How God Uses Broken People to Do Big Things,52.67
2026-06-05,(Un)Qualified: How God Uses Broken People to Do Big Things,53.39
2026-06-04,(Un)Qualified: How God Uses Broken People to Do Big Things,53.98
2026-06-03,(Un)Qualified: How God Uses Broken People to Do Big Things,52.9
2026-06-02,(Un)Qualified: How God Uses Broken People to Do Big Things,51.59
2026-06-08,You Are What You Love: The Spiritual Power of Habit,20.7
2026-06-07,You Are What You Love: The Spiritual Power of Habit,21.89
2026-06-06,You Are What You Love: The Spiritual Power of Habit,22.49
2026-06-05,You Are What You Love: The Spiritual Power of Habit,22.74
2026-06-04,You Are What You Love: The Spiritual Power of Habit,22.74
2026-06-03,You Are What You Love: The Spiritual Power of Habit,23.3
2026-06-02,You Are What You Love: The Spiritual Power of Habit,24.49
2026-06-08,"William Shakespeare's Star Wars: Verily, A New Hope (William Shakespeare's Star Wars #4)",43.33
2026-06-07,"William Shakespeare's Star Wars: Verily, A New Hope (William Shakespeare's Star Wars #4)",43.08
2026-06-06,"William Shakespeare's Star Wars: Verily, A New Hope (William Shakespeare's Star Wars #4)",44.54
2026-06-05,"William Shakespeare's Star Wars: Verily, A New Hope (William Shakespeare's Star Wars #4)",45.17
2026-06-04,"William Shakespeare's Star Wars: Verily, A New Hope (William Shakespeare's Star Wars #4)",44.44
2026-06-03,"William Shakespeare's Star Wars: Verily, A New Hope (William Shakespeare's Star Wars #4)",43.08
2026-06-02,"William Shakespeare's Star Wars: Verily, A New Hope (William Shakespeare's Star Wars #4)",42.44
2026-06-08,Tuesday Nights in 1980,21.41
2026-06-07,Tuesday Nights in 1980,21.26
2026-06-06,Tuesday Nights in 1980,22.29
2026-06-05,Tuesday Nights in 1980,22.93
2026-06-04,Tuesday Nights in 1980,22.61
2026-06-03,Tuesday Nights in 1980,23.27
2026-06-02,Tuesday Nights in 1980,24.01
2026-06-08,Tracing Numbers on a Train,41.79
2026-06-07,Tracing Numbers on a Train,41.63
2026-06-06,Tracing Numbers on a Train,42.44
2026-06-05,Tracing Numbers on a Train,42.99
2026-06-04,Tracing Numbers on a Train,42.45
2026-06-03,Tracing Numbers on a Train,43.76
2026-06-02,Tracing Numbers on a Train,43.9
2026-06-08,Throne of Glass (Throne of Glass #1),35.41
2026-06-07,Throne of Glass (Throne of Glass #1),34.92
2026-06-06,Throne of Glass (Throne of Glass #1),34.79
2026-06-05,Throne of Glass (Throne of Glass #1),34.78
2026-06-04,Throne of Glass (Throne of Glass #1),34.31
2026-06-03,Throne of Glass (Throne of Glass #1),33.38
2026-06-02,Throne of Glass (Throne of Glass #1),32.78
2026-06-08,Thomas Jefferson and the Tripoli Pirates: The Forgotten War That Changed American History,60.73
2026-06-07,Thomas Jefferson and the Tripoli Pirates: The Forgotten War That Changed American History,61.2
2026-06-06,Thomas Jefferson and the Tripoli Pirates: The Forgotten War That Changed American History,60.94
2026-06-05,Thomas Jefferson and the Tripoli Pirates: The Forgotten War That Changed American History,61.34
2026-06-04,Thomas Jefferson and the Tripoli Pirates: The Forgotten War That Changed American History,60.54
2026-06-03,Thomas Jefferson and the Tripoli Pirates: The Forgotten War That Changed American History,61.67
2026-06-02,Thomas Jefferson and the Tripoli Pirates: The Forgotten War That Changed American History,63.15
2026-06-08,Thirteen Reasons Why,52.78
2026-06-07,Thirteen Reasons Why,52.46
2026-06-06,Thirteen Reasons Why,52.24
2026-06-05,Thirteen Reasons Why,53.1
2026-06-04,Thirteen Reasons Why,54.23
2026-06-03,Thirteen Reasons Why,55.41
2026-06-02,Thirteen Reasons Why,56.83
2026-06-08,The White Cat and the Monk: A Retelling of the Poem “Pangur Bán”,56.93
2026-06-07,The White Cat and the Monk: A Retelling of the Poem “Pangur Bán”,58.27
2026-06-06,The White Cat and the Monk: A Retelling of the Poem “Pangur Bán”,57.72
2026-06-05,The White Cat and the Monk: A Retelling of the Poem “Pangur Bán”,57.92
2026-06-04,The White Cat and the Monk: A Retelling of the Poem “Pangur Bán”,56.7
2026-06-03,The White Cat and the Monk: A Retelling of the Poem “Pangur Bán”,57.57
2026-06-02,The White Cat and the Monk: A Retelling of the Poem “Pangur Bán”,57.6
2026-06-08,The Wedding Dress,24.99
2026-06-07,The Wedding Dress,25.98
2026-06-06,The Wedding Dress,26.09
2026-06-05,The Wedding Dress,26.4
2026-06-04,The Wedding Dress,27.4
2026-06-03,The Wedding Dress,27.22
2026-06-02,The Wedding Dress,27.73
2026-06-08,The Vacationers,43.59
2026-06-07,The Vacationers,44.03
2026-06-06,The Vacationers,44.44
2026-06-05,The Vacationers,45.18
2026-06-04,The Vacationers,44.52
2026-06-03,The Vacationers,45.27
2026-06-02,The Vacationers,44.92
2026-06-08,The Third Wave: An Entrepreneur’s Vision of the Future,11.74
2026-06-07,The Third Wave: An Entrepreneur’s Vision of the Future,11.19
2026-06-06,The Third Wave: An Entrepreneur’s Vision of the Future,12.09
2026-06-05,The Third Wave: An Entrepreneur’s Vision of the Future,12.78
2026-06-04,The Third Wave: An Entrepreneur’s Vision of the Future,14.16
2026-06-03,The Third Wave: An Entrepreneur’s Vision of the Future,15.65
2026-06-02,The Third Wave: An Entrepreneur’s Vision of the Future,15.69
2026-06-08,The Stranger,16.83
2026-06-07,The Stranger,15.91
2026-06-06,The Stranger,16.05
2026-06-05,The Stranger,17.17
2026-06-04,The Stranger,18.33
2026-06-03,The Stranger,18.04
2026-06-02,The Stranger,17.27
2026-06-08,The Shadow Hero (The Shadow Hero),34.32
2026-06-07,The Shadow Hero (The Shadow Hero),33.72
2026-06-06,The Shadow Hero (The Shadow Hero),34.97
2026-06-05,The Shadow Hero (The Shadow Hero),35.21
2026-06-04,The Shadow Hero (The Shadow Hero),34.0
2026-06-03,The Shadow Hero (The Shadow Hero),34.67
2026-06-02,The Shadow Hero (The Shadow Hero),35.39
2026-06-08,The Secret (The Secret #1),27.41
2026-06-07,The Secret (The Secret #1),26.51
2026-06-06,The Secret (The Secret #1),27.75
2026-06-05,The Secret (The Secret #1),27.03
2026-06-04,The Secret (The Secret #1),25.89
2026-06-03,The Secret (The Secret #1),25.58
2026-06-02,The Secret (The Secret #1),26.88
2026-06-08,The Regional Office Is Under Attack!,52.66
2026-06-07,The Regional Office Is Under Attack!,51.46
2026-06-06,The Regional Office Is Under Attack!,51.91
2026-06-05,The Regional Office Is Under Attack!,52.82
2026-06-04,The Regional Office Is Under Attack!,53.0
2026-06-03,The Regional Office Is Under Attack!,53.78
2026-06-02,The Regional Office Is Under Attack!,52.65
2026-06-08,The Psychopath Test: A Journey Through the Madness Industry,34.91
2026-06-07,The Psychopath Test: A Journey Through the Madness Industry,35.84
2026-06-06,The Psychopath Test: A Journey Through the Madness Industry,37.3
2026-06-05,The Psychopath Test: A Journey Through the Madness Industry,36.42
2026-06-04,The Psychopath Test: A Journey Through the Madness Industry,36.59
2026-06-03,The Psychopath Test: A Journey Through the Madness Industry,35.82
2026-06-02,The Psychopath Test: A Journey Through the Madness Industry,36.42
2026-06-08,The Project,11.97
2026-06-07,The Project,13.19
2026-06-06,The Project,14.64
2026-06-05,The Project,14.69
2026-06-04,The Project,14.68
2026-06-03,The Project,13.62
2026-06-02,The Project,13.75
2026-06-08,The Power of Now: A Guide to Spiritual Enlightenment,44.57
2026-06-07,The Power of Now: A Guide to Spiritual Enlightenment,45.27
2026-06-06,The Power of Now: A Guide to Spiritual Enlightenment,44.93
2026-06-05,The Power of Now: A Guide to Spiritual Enlightenment,43.83
2026-06-04,The Power of Now: A Guide to Spiritual Enlightenment,42.57
2026-06-03,The Power of Now: A Guide to Spiritual Enlightenment,42.02
2026-06-02,The Power of Now: A Guide to Spiritual Enlightenment,43.09
2026-06-08,The Omnivore's Dilemma: A Natural History of Four Meals,39.08
2026-06-07,The Omnivore's Dilemma: A Natural History of Four Meals,40.53
2026-06-06,The Omnivore's Dilemma: A Natural History of Four Meals,40.12
2026-06-05,The Omnivore's Dilemma: A Natural History of Four Meals,40.89
2026-06-04,The Omnivore's Dilemma: A Natural History of Four Meals,40.25
2026-06-03,The Omnivore's Dilemma: A Natural History of Four Meals,38.76
2026-06-02,The Omnivore's Dilemma: A Natural History of Four Meals,37.69
2026-06-08,The Nerdy Nummies Cookbook: Sweet Treats for the Geek in All of Us,37.84
2026-06-07,The Nerdy Nummies Cookbook: Sweet Treats for the Geek in All of Us,37.18
2026-06-06,The Nerdy Nummies Cookbook: Sweet Treats for the Geek in All of Us,37.58
2026-06-05,The Nerdy Nummies Cookbook: Sweet Treats for the Geek in All of Us,39.07
2026-06-04,The Nerdy Nummies Cookbook: Sweet Treats for the Geek in All of Us,39.53
2026-06-03,The Nerdy Nummies Cookbook: Sweet Treats for the Geek in All of Us,40.91
2026-06-02,The Nerdy Nummies Cookbook: Sweet Treats for the Geek in All of Us,39.95
2026-06-08,The Murder of Roger Ackroyd (Hercule Poirot #4),44.85
2026-06-07,The Murder of Roger Ackroyd (Hercule Poirot #4),44.51
2026-06-06,The Murder of Roger Ackroyd (Hercule Poirot #4),45.17
2026-06-05,The Murder of Roger Ackroyd (Hercule Poirot #4),46.34
2026-06-04,The Murder of Roger Ackroyd (Hercule Poirot #4),46.37
2026-06-03,The Murder of Roger Ackroyd (Hercule Poirot #4),46.18
2026-06-02,The Murder of Roger Ackroyd (Hercule Poirot #4),45.18
2026-06-08,The Mistake (Off-Campus #2),42.28
2026-06-07,The Mistake (Off-Campus #2),43.26
2026-06-06,The Mistake (Off-Campus #2),44.47
2026-06-05,The Mistake (Off-Campus #2),45.38
2026-06-04,The Mistake (Off-Campus #2),45.78
2026-06-03,The Mistake (Off-Campus #2),47.06
2026-06-02,The Mistake (Off-Campus #2),47.72
2026-06-08,The Matchmaker's Playbook (Wingmen Inc. #1),56.73
2026-06-07,The Matchmaker's Playbook (Wingmen Inc. #1),56.1
2026-06-06,The Matchmaker's Playbook (Wingmen Inc. #1),57.35
2026-06-05,The Matchmaker's Playbook (Wingmen Inc. #1),58.17
2026-06-04,The Matchmaker's Playbook (Wingmen Inc. #1),57.99
2026-06-03,The Matchmaker's Playbook (Wingmen Inc. #1),59.04
2026-06-02,The Matchmaker's Playbook (Wingmen Inc. #1),59.12
2026-06-08,The Love and Lemons Cookbook: An Apple-to-Zucchini Celebration of Impromptu Cooking,38.31
2026-06-07,The Love and Lemons Cookbook: An Apple-to-Zucchini Celebration of Impromptu Cooking,39.25
2026-06-06,The Love and Lemons Cookbook: An Apple-to-Zucchini Celebration of Impromptu Cooking,40.27
2026-06-05,The Love and Lemons Cookbook: An Apple-to-Zucchini Celebration of Impromptu Cooking,40.22
2026-06-04,The Love and Lemons Cookbook: An Apple-to-Zucchini Celebration of Impromptu Cooking,40.74
2026-06-03,The Love and Lemons Cookbook: An Apple-to-Zucchini Celebration of Impromptu Cooking,41.38
2026-06-02,The Love and Lemons Cookbook: An Apple-to-Zucchini Celebration of Impromptu Cooking,42.41
2026-06-08,The Long Shadow of Small Ghosts: Murder and Memory in an American City,10.95
2026-06-07,The Long Shadow of Small Ghosts: Murder and Memory in an American City,12.1
2026-06-06,The Long Shadow of Small Ghosts: Murder and Memory in an American City,11.65
2026-06-05,The Long Shadow of Small Ghosts: Murder and Memory in an American City,11.1
2026-06-04,The Long Shadow of Small Ghosts: Murder and Memory in an American City,9.87
2026-06-03,The Long Shadow of Small Ghosts: Murder and Memory in an American City,10.85
2026-06-02,The Long Shadow of Small Ghosts: Murder and Memory in an American City,11.26
2026-06-08,The Kite Runner,42.11
2026-06-07,The Kite Runner,41.83
2026-06-06,The Kite Runner,41.3
2026-06-05,The Kite Runner,40.74
2026-06-04,The Kite Runner,41.52
2026-06-03,The Kite Runner,40.42
2026-06-02,The Kite Runner,40.39
2026-06-08,The House by the Lake,36.8
2026-06-07,The House by the Lake,36.45
2026-06-06,The House by the Lake,35.55
2026-06-05,The House by the Lake,35.25
2026-06-04,The House by the Lake,34.1
2026-06-03,The House by the Lake,34.89
2026-06-02,The House by the Lake,36.03
2026-06-08,The Glittering Court (The Glittering Court #1),44.61
2026-06-07,The Glittering Court (The Glittering Court #1),44.53
2026-06-06,The Glittering Court (The Glittering Court #1),43.12
2026-06-05,The Glittering Court (The Glittering Court #1),44.4
2026-06-04,The Glittering Court (The Glittering Court #1),45.44
2026-06-03,The Glittering Court (The Glittering Court #1),46.7
2026-06-02,The Glittering Court (The Glittering Court #1),45.49
2026-06-08,The Girl on the Train,54.71
2026-06-07,The Girl on the Train,55.38
2026-06-06,The Girl on the Train,55.83
2026-06-05,The Girl on the Train,57.21
2026-06-04,The Girl on the Train,55.9
2026-06-03,The Girl on the Train,57.3
2026-06-02,The Girl on the Train,56.18
2026-06-08,The Genius of Birds,17.61
2026-06-07,The Genius of Birds,17.03
2026-06-06,The Genius of Birds,18.03
2026-06-05,The Genius of Birds,19.05
2026-06-04,The Genius of Birds,19.28
2026-06-03,The Genius of Birds,20.37
2026-06-02,The Genius of Birds,21.57
2026-06-08,The Emerald Mystery,24.61
2026-06-07,The Emerald Mystery,24.58
2026-06-06,The Emerald Mystery,23.7
2026-06-05,The Emerald Mystery,24.65
2026-06-04,The Emerald Mystery,23.4
2026-06-03,The Emerald Mystery,24.26
2026-06-02,The Emerald Mystery,23.37
2026-06-08,The Cookies & Cups Cookbook: 125+ sweet & savory recipes reminding you to Always Eat Dessert First,40.2
2026-06-07,The Cookies & Cups Cookbook: 125+ sweet & savory recipes reminding you to Always Eat Dessert First,40.21
2026-06-06,The Cookies & Cups Cookbook: 125+ sweet & savory recipes reminding you to Always Eat Dessert First,39.5
2026-06-05,The Cookies & Cups Cookbook: 125+ sweet & savory recipes reminding you to Always Eat Dessert First,40.12
2026-06-04,The Cookies & Cups Cookbook: 125+ sweet & savory recipes reminding you to Always Eat Dessert First,41.08
2026-06-03,The Cookies & Cups Cookbook: 125+ sweet & savory recipes reminding you to Always Eat Dessert First,40.81
2026-06-02,The Cookies & Cups Cookbook: 125+ sweet & savory recipes reminding you to Always Eat Dessert First,39.64
2026-06-08,The Bridge to Consciousness: I'm Writing the Bridge Between Science and Our Old and New Beliefs.,31.62
2026-06-07,The Bridge to Consciousness: I'm Writing the Bridge Between Science and Our Old and New Beliefs.,32.17
2026-06-06,The Bridge to Consciousness: I'm Writing the Bridge Between Science and Our Old and New Beliefs.,33.15
2026-06-05,The Bridge to Consciousness: I'm Writing the Bridge Between Science and Our Old and New Beliefs.,34.09
2026-06-04,The Bridge to Consciousness: I'm Writing the Bridge Between Science and Our Old and New Beliefs.,33.81
2026-06-03,The Bridge to Consciousness: I'm Writing the Bridge Between Science and Our Old and New Beliefs.,34.51
2026-06-02,The Bridge to Consciousness: I'm Writing the Bridge Between Science and Our Old and New Beliefs.,34.83
2026-06-08,The Artist's Way: A Spiritual Path to Higher Creativity,37.39
2026-06-07,The Artist's Way: A Spiritual Path to Higher Creativity,36.89
2026-06-06,The Artist's Way: A Spiritual Path to Higher Creativity,36.9
2026-06-05,The Artist's Way: A Spiritual Path to Higher Creativity,37.46
2026-06-04,The Artist's Way: A Spiritual Path to Higher Creativity,37.33
2026-06-03,The Artist's Way: A Spiritual Path to Higher Creativity,37.08
2026-06-02,The Artist's Way: A Spiritual Path to Higher Creativity,36.84
2026-06-08,The Art of War,33.94
2026-06-07,The Art of War,35.05
2026-06-06,The Art of War,36.23
2026-06-05,The Art of War,35.96
2026-06-04,The Art of War,35.51
2026-06-03,The Art of War,36.49
2026-06-02,The Art of War,36.92
2026-06-08,The Argonauts,11.66
2026-06-07,The Argonauts,11.35
2026-06-06,The Argonauts,11.87
2026-06-05,The Argonauts,11.16
2026-06-04,The Argonauts,12.19
2026-06-03,The Argonauts,13.22
2026-06-02,The Argonauts,11.74
2026-06-08,The 10% Entrepreneur: Live Your Startup Dream Without Quitting Your Day Job,27.5
2026-06-07,The 10% Entrepreneur: Live Your Startup Dream Without Quitting Your Day Job,26.58
2026-06-06,The 10% Entrepreneur: Live Your Startup Dream Without Quitting Your Day Job,26.99
2026-06-05,The 10% Entrepreneur: Live Your Startup Dream Without Quitting Your Day Job,26.28
2026-06-04,The 10% Entrepreneur: Live Your Startup Dream Without Quitting Your Day Job,26.35
2026-06-03,The 10% Entrepreneur: Live Your Startup Dream Without Quitting Your Day Job,26.19
2026-06-02,The 10% Entrepreneur: Live Your Startup Dream Without Quitting Your Day Job,27.35
2026-06-08,Suddenly in Love (Lake Haven #1),54.78
2026-06-07,Suddenly in Love (Lake Haven #1),54.62
2026-06-06,Suddenly in Love (Lake Haven #1),55.82
2026-06-05,Suddenly in Love (Lake Haven #1),55.27
2026-06-04,Suddenly in Love (Lake Haven #1),54.32
2026-06-03,Suddenly in Love (Lake Haven #1),53.97
2026-06-02,Suddenly in Love (Lake Haven #1),52.7
2026-06-08,Something More Than This,17.1
2026-06-07,Something More Than This,18.35
2026-06-06,Something More Than This,18.52
2026-06-05,Something More Than This,17.42
2026-06-04,Something More Than This,17.82
2026-06-03,Something More Than This,18.66
2026-06-02,Something More Than This,19.19
2026-06-08,Soft Apocalypse,27.42
2026-06-07,Soft Apocalypse,26.34
2026-06-06,Soft Apocalypse,25.12
2026-06-05,Soft Apocalypse,26.6
2026-06-04,Soft Apocalypse,27.11
2026-06-03,Soft Apocalypse,26.15
2026-06-02,Soft Apocalypse,25.07
2026-06-08,So You've Been Publicly Shamed,11.05
2026-06-07,So You've Been Publicly Shamed,9.95
2026-06-06,So You've Been Publicly Shamed,9.28
2026-06-05,So You've Been Publicly Shamed,8.95
2026-06-04,So You've Been Publicly Shamed,8.06
2026-06-03,So You've Been Publicly Shamed,7.37
2026-06-02,So You've Been Publicly Shamed,6.63
2026-06-08,Shoe Dog: A Memoir by the Creator of NIKE,24.72
2026-06-07,Shoe Dog: A Memoir by the Creator of NIKE,24.12
2026-06-06,Shoe Dog: A Memoir by the Creator of NIKE,25.09
2026-06-05,Shoe Dog: A Memoir by the Creator of NIKE,24.03
2026-06-04,Shoe Dog: A Memoir by the Creator of NIKE,24.57
2026-06-03,Shoe Dog: A Memoir by the Creator of NIKE,23.56
2026-06-02,Shoe Dog: A Memoir by the Creator of NIKE,24.55
2026-06-08,"Shobu Samurai, Project Aryoku (#3)",30.36
2026-06-07,"Shobu Samurai, Project Aryoku (#3)",30.7
2026-06-06,"Shobu Samurai, Project Aryoku (#3)",32.11
2026-06-05,"Shobu Samurai, Project Aryoku (#3)",32.3
2026-06-04,"Shobu Samurai, Project Aryoku (#3)",31.91
2026-06-03,"Shobu Samurai, Project Aryoku (#3)",31.8
2026-06-02,"Shobu Samurai, Project Aryoku (#3)",31.02
2026-06-08,Secrets and Lace (Fatal Hearts #1),19.57
2026-06-07,Secrets and Lace (Fatal Hearts #1),19.93
2026-06-06,Secrets and Lace (Fatal Hearts #1),21.4
2026-06-05,Secrets and Lace (Fatal Hearts #1),21.09
2026-06-04,Secrets and Lace (Fatal Hearts #1),22.07
2026-06-03,Secrets and Lace (Fatal Hearts #1),22.79
2026-06-02,Secrets and Lace (Fatal Hearts #1),24.2
2026-06-08,Scarlett Epstein Hates It Here,43.94
2026-06-07,Scarlett Epstein Hates It Here,45.33
2026-06-06,Scarlett Epstein Hates It Here,44.45
2026-06-05,Scarlett Epstein Hates It Here,43.48
2026-06-04,Scarlett Epstein Hates It Here,44.73
2026-06-03,Scarlett Epstein Hates It Here,43.77
2026-06-02,Scarlett Epstein Hates It Here,44.27
2026-06-08,Romero and Juliet: A Tragic Tale of Love and Zombies,36.04
2026-06-07,Romero and Juliet: A Tragic Tale of Love and Zombies,36.4
2026-06-06,Romero and Juliet: A Tragic Tale of Love and Zombies,35.6
2026-06-05,Romero and Juliet: A Tragic Tale of Love and Zombies,36.16
2026-06-04,Romero and Juliet: A Tragic Tale of Love and Zombies,35.37
2026-06-03,Romero and Juliet: A Tragic Tale of Love and Zombies,34.01
2026-06-02,Romero and Juliet: A Tragic Tale of Love and Zombies,34.95
2026-06-08,Redeeming Love,21.2
2026-06-07,Redeeming Love,20.62
2026-06-06,Redeeming Love,20.03
2026-06-05,Redeeming Love,20.11
2026-06-04,Redeeming Love,19.01
2026-06-03,Redeeming Love,18.25
2026-06-02,Redeeming Love,18.45
2026-06-08,Poses for Artists Volume 1 - Dynamic and Sitting Poses: An Essential Reference for Figure Drawing and the Human Form,40.5
2026-06-07,Poses for Artists Volume 1 - Dynamic and Sitting Poses: An Essential Reference for Figure Drawing and the Human Form,39.78
2026-06-06,Poses for Artists Volume 1 - Dynamic and Sitting Poses: An Essential Reference for Figure Drawing and the Human Form,40.0
2026-06-05,Poses for Artists Volume 1 - Dynamic and Sitting Poses: An Essential Reference for Figure Drawing and the Human Form,38.59
2026-06-04,Poses for Artists Volume 1 - Dynamic and Sitting Poses: An Essential Reference for Figure Drawing and the Human Form,40.06
2026-06-03,Poses for Artists Volume 1 - Dynamic and Sitting Poses: An Essential Reference for Figure Drawing and the Human Form,40.2
2026-06-02,Poses for Artists Volume 1 - Dynamic and Sitting Poses: An Essential Reference for Figure Drawing and the Human Form,40.08
2026-06-08,Poems That Make Grown Women Cry,13.29
2026-06-07,Poems That Make Grown Women Cry,14.51
2026-06-06,Poems That Make Grown Women Cry,15.33
2026-06-05,Poems That Make Grown Women Cry,16.58
2026-06-04,Poems That Make Grown Women Cry,16.93
2026-06-03,Poems That Make Grown Women Cry,15.48
2026-06-02,Poems That Make Grown Women Cry,14.18
2026-06-08,"Nightingale, Sing",37.95
2026-06-07,"Nightingale, Sing",36.91
2026-06-06,"Nightingale, Sing",37.49
2026-06-05,"Nightingale, Sing",36.15
2026-06-04,"Nightingale, Sing",36.99
2026-06-03,"Nightingale, Sing",37.47
2026-06-02,"Nightingale, Sing",36.1
2026-06-08,Night Sky with Exit Wounds,42.21
2026-06-07,Night Sky with Exit Wounds,40.97
2026-06-06,Night Sky with Exit Wounds,41.32
2026-06-05,Night Sky with Exit Wounds,40.96
2026-06-04,Night Sky with Exit Wounds,40.17
2026-06-03,Night Sky with Exit Wounds,40.47
2026-06-02,Night Sky with Exit Wounds,39.04
2026-06-08,Mrs. Houdini,29.42
2026-06-07,Mrs. Houdini,28.97
2026-06-06,Mrs. Houdini,28.05
2026-06-05,Mrs. Houdini,28.79
2026-06-04,Mrs. Houdini,27.68
2026-06-03,Mrs. Houdini,29.02
2026-06-02,Mrs. Houdini,28.91
2026-06-08,Modern Romance,28.49
2026-06-07,Modern Romance,28.0
2026-06-06,Modern Romance,26.79
2026-06-05,Modern Romance,27.57
2026-06-04,Modern Romance,28.59
2026-06-03,Modern Romance,27.17
2026-06-02,Modern Romance,28.27
2026-06-08,Miss Peregrine’s Home for Peculiar Children (Miss Peregrine’s Peculiar Children #1),10.56
2026-06-07,Miss Peregrine’s Home for Peculiar Children (Miss Peregrine’s Peculiar Children #1),11.06
2026-06-06,Miss Peregrine’s Home for Peculiar Children (Miss Peregrine’s Peculiar Children #1),11.6
2026-06-05,Miss Peregrine’s Home for Peculiar Children (Miss Peregrine’s Peculiar Children #1),11.85
2026-06-04,Miss Peregrine’s Home for Peculiar Children (Miss Peregrine’s Peculiar Children #1),11.86
2026-06-03,Miss Peregrine’s Home for Peculiar Children (Miss Peregrine’s Peculiar Children #1),12.17
2026-06-02,Miss Peregrine’s Home for Peculiar Children (Miss Peregrine’s Peculiar Children #1),11.64
2026-06-08,Louisa: The Extraordinary Life of Mrs. Adams,17.4
2026-06-07,Louisa: The Extraordinary Life of Mrs. Adams,18.42
2026-06-06,Louisa: The Extraordinary Life of Mrs. Adams,18.02
2026-06-05,Louisa: The Extraordinary Life of Mrs. Adams,17.49
2026-06-04,Louisa: The Extraordinary Life of Mrs. Adams,16.55
2026-06-03,Louisa: The Extraordinary Life of Mrs. Adams,17.52
2026-06-02,Louisa: The Extraordinary Life of Mrs. Adams,18.32
2026-06-08,Little Red,14.1
2026-06-07,Little Red,14.66
2026-06-06,Little Red,16.1
2026-06-05,Little Red,16.29
2026-06-04,Little Red,15.62
2026-06-03,Little Red,14.77
2026-06-02,Little Red,15.37
2026-06-08,Library of Souls (Miss Peregrine’s Peculiar Children #3),47.42
2026-06-07,Library of Souls (Miss Peregrine’s Peculiar Children #3),48.57
2026-06-06,Library of Souls (Miss Peregrine’s Peculiar Children #3),48.95
2026-06-05,Library of Souls (Miss Peregrine’s Peculiar Children #3),49.38
2026-06-04,Library of Souls (Miss Peregrine’s Peculiar Children #3),50.73
2026-06-03,Library of Souls (Miss Peregrine’s Peculiar Children #3),49.42
2026-06-02,Library of Souls (Miss Peregrine’s Peculiar Children #3),48.81
2026-06-08,Large Print Heart of the Pride,18.13
2026-06-07,Large Print Heart of the Pride,18.08
2026-06-06,Large Print Heart of the Pride,17.6
2026-06-05,Large Print Heart of the Pride,19.03
2026-06-04,Large Print Heart of the Pride,20.4
2026-06-03,Large Print Heart of the Pride,20.29
2026-06-02,Large Print Heart of the Pride,21.03
2026-06-08,I Had a Nice Time And Other Lies...: How to find love & sh*t like that,58.8
2026-06-07,I Had a Nice Time And Other Lies...: How to find love & sh*t like that,57.86
2026-06-06,I Had a Nice Time And Other Lies...: How to find love & sh*t like that,57.72
2026-06-05,I Had a Nice Time And Other Lies...: How to find love & sh*t like that,57.97
2026-06-04,I Had a Nice Time And Other Lies...: How to find love & sh*t like that,59.19
2026-06-03,I Had a Nice Time And Other Lies...: How to find love & sh*t like that,59.51
2026-06-02,I Had a Nice Time And Other Lies...: How to find love & sh*t like that,60.45
2026-06-08,Hollow City (Miss Peregrine’s Peculiar Children #2),41.69
2026-06-07,Hollow City (Miss Peregrine’s Peculiar Children #2),41.53
2026-06-06,Hollow City (Miss Peregrine’s Peculiar Children #2),42.12
2026-06-05,Hollow City (Miss Peregrine’s Peculiar Children #2),41.78
2026-06-04,Hollow City (Miss Peregrine’s Peculiar Children #2),40.52
2026-06-03,Hollow City (Miss Peregrine’s Peculiar Children #2),41.19
2026-06-02,Hollow City (Miss Peregrine’s Peculiar Children #2),41.18
2026-06-08,Grumbles,22.0
2026-06-07,Grumbles,21.58
2026-06-06,Grumbles,22.05
2026-06-05,Grumbles,20.71
2026-06-04,Grumbles,20.37
2026-06-03,Grumbles,21.46
2026-06-02,Grumbles,21.69
2026-06-08,Full Moon over Noah’s Ark: An Odyssey to Mount Ararat and Beyond,50.42
2026-06-07,Full Moon over Noah’s Ark: An Odyssey to Mount Ararat and Beyond,50.8
2026-06-06,Full Moon over Noah’s Ark: An Odyssey to Mount Ararat and Beyond,50.98
2026-06-05,Full Moon over Noah’s Ark: An Odyssey to Mount Ararat and Beyond,51.48
2026-06-04,Full Moon over Noah’s Ark: An Odyssey to Mount Ararat and Beyond,50.69
2026-06-03,Full Moon over Noah’s Ark: An Odyssey to Mount Ararat and Beyond,51.58
2026-06-02,Full Moon over Noah’s Ark: An Odyssey to Mount Ararat and Beyond,51.61
2026-06-08,Frostbite (Vampire Academy #2),28.77
2026-06-07,Frostbite (Vampire Academy #2),27.77
2026-06-06,Frostbite (Vampire Academy #2),26.37
2026-06-05,Frostbite (Vampire Academy #2),25.1
2026-06-04,Frostbite (Vampire Academy #2),24.6
2026-06-03,Frostbite (Vampire Academy #2),24.34
2026-06-02,Frostbite (Vampire Academy #2),24.05
2026-06-08,Follow You Home,22.06
2026-06-07,Follow You Home,22.18
2026-06-06,Follow You Home,22.57
2026-06-05,Follow You Home,21.54
2026-06-04,Follow You Home,20.4
2026-06-03,Follow You Home,20.24
2026-06-02,Follow You Home,19.4
2026-06-08,First Steps for New Christians (Print Edition),29.31
2026-06-07,First Steps for New Christians (Print Edition),29.53
2026-06-06,First Steps for New Christians (Print Edition),28.58
2026-06-05,First Steps for New Christians (Print Edition),27.2
2026-06-04,First Steps for New Christians (Print Edition),26.27
2026-06-03,First Steps for New Christians (Print Edition),26.04
2026-06-02,First Steps for New Christians (Print Edition),26.17
2026-06-08,Finders Keepers (Bill Hodges Trilogy #2),53.33
2026-06-07,Finders Keepers (Bill Hodges Trilogy #2),54.49
2026-06-06,Finders Keepers (Bill Hodges Trilogy #2),53.4
2026-06-05,Finders Keepers (Bill Hodges Trilogy #2),52.13
2026-06-04,Finders Keepers (Bill Hodges Trilogy #2),53.12
2026-06-03,Finders Keepers (Bill Hodges Trilogy #2),53.06
2026-06-02,Finders Keepers (Bill Hodges Trilogy #2),54.2
2026-06-08,"Fables, Vol. 1: Legends in Exile (Fables #1)",40.73
2026-06-07,"Fables, Vol. 1: Legends in Exile (Fables #1)",39.98
2026-06-06,"Fables, Vol. 1: Legends in Exile (Fables #1)",41.46
2026-06-05,"Fables, Vol. 1: Legends in Exile (Fables #1)",40.85
2026-06-04,"Fables, Vol. 1: Legends in Exile (Fables #1)",41.25
2026-06-03,"Fables, Vol. 1: Legends in Exile (Fables #1)",41.19
2026-06-02,"Fables, Vol. 1: Legends in Exile (Fables #1)",42.26
2026-06-08,Eureka Trivia 6.0,55.43
2026-06-07,Eureka Trivia 6.0,54.56
2026-06-06,Eureka Trivia 6.0,54.92
2026-06-05,Eureka Trivia 6.0,53.46
2026-06-04,Eureka Trivia 6.0,52.81
2026-06-03,Eureka Trivia 6.0,51.61
2026-06-02,Eureka Trivia 6.0,50.49
2026-06-08,Drive: The Surprising Truth About What Motivates Us,35.78
2026-06-07,Drive: The Surprising Truth About What Motivates Us,34.43
2026-06-06,Drive: The Surprising Truth About What Motivates Us,33.74
2026-06-05,Drive: The Surprising Truth About What Motivates Us,35.12
2026-06-04,Drive: The Surprising Truth About What Motivates Us,34.57
2026-06-03,Drive: The Surprising Truth About What Motivates Us,35.15
2026-06-02,Drive: The Surprising Truth About What Motivates Us,34.8
2026-06-08,Done Rubbed Out (Reightman & Bailey #1),36.62
2026-06-07,Done Rubbed Out (Reightman & Bailey #1),35.24
2026-06-06,Done Rubbed Out (Reightman & Bailey #1),36.54
2026-06-05,Done Rubbed Out (Reightman & Bailey #1),36.2
2026-06-04,Done Rubbed Out (Reightman & Bailey #1),36.95
2026-06-03,Done Rubbed Out (Reightman & Bailey #1),35.85
2026-06-02,Done Rubbed Out (Reightman & Bailey #1),35.83
2026-06-08,Doing It Over (Most Likely To #1),35.19
2026-06-07,Doing It Over (Most Likely To #1),35.26
2026-06-06,Doing It Over (Most Likely To #1),36.7
2026-06-05,Doing It Over (Most Likely To #1),37.36
2026-06-04,Doing It Over (Most Likely To #1),36.67
2026-06-03,Doing It Over (Most Likely To #1),37.36
2026-06-02,Doing It Over (Most Likely To #1),37.98
2026-06-08,"Deliciously Ella Every Day: Quick and Easy Recipes for Gluten-Free Snacks, Packed Lunches, and Simple Meals",43.52
2026-06-07,"Deliciously Ella Every Day: Quick and Easy Recipes for Gluten-Free Snacks, Packed Lunches, and Simple Meals",44.13
2026-06-06,"Deliciously Ella Every Day: Quick and Easy Recipes for Gluten-Free Snacks, Packed Lunches, and Simple Meals",44.56
2026-06-05,"Deliciously Ella Every Day: Quick and Easy Recipes for Gluten-Free Snacks, Packed Lunches, and Simple Meals",44.76
2026-06-04,"Deliciously Ella Every Day: Quick and Easy Recipes for Gluten-Free Snacks, Packed Lunches, and Simple Meals",44.45
2026-06-03,"Deliciously Ella Every Day: Quick and Easy Recipes for Gluten-Free Snacks, Packed Lunches, and Simple Meals",44.55
2026-06-02,"Deliciously Ella Every Day: Quick and Easy Recipes for Gluten-Free Snacks, Packed Lunches, and Simple Meals",45.25
2026-06-08,Dark Notes,19.96
2026-06-07,Dark Notes,20.85
2026-06-06,Dark Notes,20.03
2026-06-05,Dark Notes,19.5
2026-06-04,Dark Notes,18.45
2026-06-03,Dark Notes,18.88
2026-06-02,Dark Notes,19.82
2026-06-08,"Daring Greatly: How the Courage to Be Vulnerable Transforms the Way We Live, Love, Parent, and Lead",19.68
2026-06-07,"Daring Greatly: How the Courage to Be Vulnerable Transforms the Way We Live, Love, Parent, and Lead",19.16
2026-06-06,"Daring Greatly: How the Courage to Be Vulnerable Transforms the Way We Live, Love, Parent, and Lead",18.24
2026-06-05,"Daring Greatly: How the Courage to Be Vulnerable Transforms the Way We Live, Love, Parent, and Lead",17.35
2026-06-04,"Daring Greatly: How the Courage to Be Vulnerable Transforms the Way We Live, Love, Parent, and Lead",18.52
2026-06-03,"Daring Greatly: How the Courage to Be Vulnerable Transforms the Way We Live, Love, Parent, and Lead",18.92
2026-06-02,"Daring Greatly: How the Courage to Be Vulnerable Transforms the Way We Live, Love, Parent, and Lead",19.38
2026-06-08,Close to You,47.99
2026-06-07,Close to You,48.8
2026-06-06,Close to You,49.33
2026-06-05,Close to You,50.07
2026-06-04,Close to You,49.73
2026-06-03,Close to You,49.77
2026-06-02,Close to You,48.29
2026-06-08,Chasing Heaven: What Dying Taught Me About Living,36.73
2026-06-07,Chasing Heaven: What Dying Taught Me About Living,36.4
2026-06-06,Chasing Heaven: What Dying Taught Me About Living,35.43
2026-06-05,Chasing Heaven: What Dying Taught Me About Living,36.55
2026-06-04,Chasing Heaven: What Dying Taught Me About Living,36.54
2026-06-03,Chasing Heaven: What Dying Taught Me About Living,35.86
2026-06-02,Chasing Heaven: What Dying Taught Me About Living,35.93
2026-06-08,Big Magic: Creative Living Beyond Fear,30.3
2026-06-07,Big Magic: Creative Living Beyond Fear,30.27
2026-06-06,Big Magic: Creative Living Beyond Fear,31.09
2026-06-05,Big Magic: Creative Living Beyond Fear,31.17
2026-06-04,Big Magic: Creative Living Beyond Fear,31.71
2026-06-03,Big Magic: Creative Living Beyond Fear,30.84
2026-06-02,Big Magic: Creative Living Beyond Fear,30.61
2026-06-08,Becoming Wise: An Inquiry into the Mystery and Art of Living,28.17
2026-06-07,Becoming Wise: An Inquiry into the Mystery and Art of Living,29.64
2026-06-06,Becoming Wise: An Inquiry into the Mystery and Art of Living,29.76
2026-06-05,Becoming Wise: An Inquiry into the Mystery and Art of Living,29.29
2026-06-04,Becoming Wise: An Inquiry into the Mystery and Art of Living,29.23
2026-06-03,Becoming Wise: An Inquiry into the Mystery and Art of Living,28.39
2026-06-02,Becoming Wise: An Inquiry into the Mystery and Art of Living,27.45
2026-06-08,Beauty Restored (Riley Family Legacy Novellas #3),10.04
2026-06-07,Beauty Restored (Riley Family Legacy Novellas #3),11.48
2026-06-06,Beauty Restored (Riley Family Legacy Novellas #3),11.79
2026-06-05,Beauty Restored (Riley Family Legacy Novellas #3),12.85
2026-06-04,Beauty Restored (Riley Family Legacy Novellas #3),11.4
2026-06-03,Beauty Restored (Riley Family Legacy Novellas #3),11.14
2026-06-02,Beauty Restored (Riley Family Legacy Novellas #3),10.55
2026-06-08,Batman: The Long Halloween (Batman),35.42
2026-06-07,Batman: The Long Halloween (Batman),34.04
2026-06-06,Batman: The Long Halloween (Batman),34.67
2026-06-05,Batman: The Long Halloween (Batman),35.59
2026-06-04,Batman: The Long Halloween (Batman),36.51
2026-06-03,Batman: The Long Halloween (Batman),36.27
2026-06-02,Batman: The Long Halloween (Batman),37.39
2026-06-08,Batman: The Dark Knight Returns (Batman),14.15
2026-06-07,Batman: The Dark Knight Returns (Batman),15.35
2026-06-06,Batman: The Dark Knight Returns (Batman),15.22
2026-06-05,Batman: The Dark Knight Returns (Batman),14.48
2026-06-04,Batman: The Dark Knight Returns (Batman),14.51
2026-06-03,Batman: The Dark Knight Returns (Batman),13.6
2026-06-02,Batman: The Dark Knight Returns (Batman),12.23
2026-06-08,Ayumi's Violin,15.42
2026-06-07,Ayumi's Violin,15.83
2026-06-06,Ayumi's Violin,14.48
2026-06-05,Ayumi's Violin,15.82
2026-06-04,Ayumi's Violin,17.11
2026-06-03,Ayumi's Violin,16.29
2026-06-02,Ayumi's Violin,17.74
2026-06-08,Anonymous,46.73
2026-06-07,Anonymous,46.5
2026-06-06,Anonymous,46.4
2026-06-05,Anonymous,47.19
2026-06-04,Anonymous,46.83
2026-06-03,Anonymous,47.3
2026-06-02,Anonymous,46.78
2026-06-08,Amy Meets the Saints and Sages,19.25
2026-06-07,Amy Meets the Saints and Sages,19.42
2026-06-06,Amy Meets the Saints and Sages,19.98
2026-06-05,Amy Meets the Saints and Sages,19.17
2026-06-04,Amy Meets the Saints and Sages,18.3
2026-06-03,Amy Meets the Saints and Sages,18.53
2026-06-02,Amy Meets the Saints and Sages,19.59
2026-06-08,Amid the Chaos,37.52
2026-06-07,Amid the Chaos,38.81
2026-06-06,Amid the Chaos,39.9
2026-06-05,Amid the Chaos,40.48
2026-06-04,Amid the Chaos,40.84
2026-06-03,Amid the Chaos,41.23
2026-06-02,Amid the Chaos,42.03
2026-06-08,Amatus,50.11
2026-06-07,Amatus,50.98
2026-06-06,Amatus,51.96
2026-06-05,Amatus,51.54
2026-06-04,Amatus,51.64
2026-06-03,Amatus,50.68
2026-06-02,Amatus,51.55
2026-06-08,Agnostic: A Spirited Manifesto,11.7
2026-06-07,Agnostic: A Spirited Manifesto,10.96
2026-06-06,Agnostic: A Spirited Manifesto,11.86
2026-06-05,Agnostic: A Spirited Manifesto,13.33
2026-06-04,Agnostic: A Spirited Manifesto,13.74
2026-06-03,Agnostic: A Spirited Manifesto,13.25
2026-06-02,Agnostic: A Spirited Manifesto,14.03
2026-06-08,Zealot: The Life and Times of Jesus of Nazareth,24.88
2026-06-07,Zealot: The Life and Times of Jesus of Nazareth,25.91
2026-06-06,Zealot: The Life and Times of Jesus of Nazareth,26.05
2026-06-05,Zealot: The Life and Times of Jesus of Nazareth,25.95
2026-06-04,Zealot: The Life and Times of Jesus of Nazareth,25.07
2026-06-03,Zealot: The Life and Times of Jesus of Nazareth,24.42
2026-06-02,Zealot: The Life and Times of Jesus of Nazareth,24.68
2026-06-08,You (You #1),42.96
2026-06-07,You (You #1),44.3
2026-06-06,You (You #1),43.24
2026-06-05,You (You #1),44.42
2026-06-04,You (You #1),42.98
2026-06-03,You (You #1),42.45
2026-06-02,You (You #1),43.82
2026-06-08,"Wonder Woman: Earth One, Volume One (Wonder Woman: Earth One #1)",38.02
2026-06-07,"Wonder Woman: Earth One, Volume One (Wonder Woman: Earth One #1)",38.4
2026-06-06,"Wonder Woman: Earth One, Volume One (Wonder Woman: Earth One #1)",38.8
2026-06-05,"Wonder Woman: Earth One, Volume One (Wonder Woman: Earth One #1)",37.8
2026-06-04,"Wonder Woman: Earth One, Volume One (Wonder Woman: Earth One #1)",38.29
2026-06-03,"Wonder Woman: Earth One, Volume One (Wonder Woman: Earth One #1)",36.81
2026-06-02,"Wonder Woman: Earth One, Volume One (Wonder Woman: Earth One #1)",35.99
2026-06-08,Wild Swans,13.73
2026-06-07,Wild Swans,13.88
2026-06-06,Wild Swans,14.16
2026-06-05,Wild Swans,13.21
2026-06-04,Wild Swans,13.41
2026-06-03,Wild Swans,14.17
2026-06-02,Wild Swans,13.3
2026-06-08,Why the Right Went Wrong: Conservatism--From Goldwater to the Tea Party and Beyond,51.98
2026-06-07,Why the Right Went Wrong: Conservatism--From Goldwater to the Tea Party and Beyond,52.07
2026-06-06,Why the Right Went Wrong: Conservatism--From Goldwater to the Tea Party and Beyond,50.78
2026-06-05,Why the Right Went Wrong: Conservatism--From Goldwater to the Tea Party and Beyond,51.48
2026-06-04,Why the Right Went Wrong: Conservatism--From Goldwater to the Tea Party and Beyond,51.8
2026-06-03,Why the Right Went Wrong: Conservatism--From Goldwater to the Tea Party and Beyond,50.33
2026-06-02,Why the Right Went Wrong: Conservatism--From Goldwater to the Tea Party and Beyond,49.82
2026-06-08,Whole Lotta Creativity Going On: 60 Fun and Unusual Exercises to Awaken and Strengthen Your Creativity,38.99
2026-06-07,Whole Lotta Creativity Going On: 60 Fun and Unusual Exercises to Awaken and Strengthen Your Creativity,39.87
2026-06-06,Whole Lotta Creativity Going On: 60 Fun and Unusual Exercises to Awaken and Strengthen Your Creativity,40.13
2026-06-05,Whole Lotta Creativity Going On: 60 Fun and Unusual Exercises to Awaken and Strengthen Your Creativity,39.8
2026-06-04,Whole Lotta Creativity Going On: 60 Fun and Unusual Exercises to Awaken and Strengthen Your Creativity,38.51
2026-06-03,Whole Lotta Creativity Going On: 60 Fun and Unusual Exercises to Awaken and Strengthen Your Creativity,39.47
2026-06-02,Whole Lotta Creativity Going On: 60 Fun and Unusual Exercises to Awaken and Strengthen Your Creativity,40.76
2026-06-08,What's It Like in Space?: Stories from Astronauts Who've Been There,20.24
2026-06-07,What's It Like in Space?: Stories from Astronauts Who've Been There,19.82
2026-06-06,What's It Like in Space?: Stories from Astronauts Who've Been There,19.13
2026-06-05,What's It Like in Space?: Stories from Astronauts Who've Been There,19.97
2026-06-04,What's It Like in Space?: Stories from Astronauts Who've Been There,20.54
2026-06-03,What's It Like in Space?: Stories from Astronauts Who've Been There,21.7
2026-06-02,What's It Like in Space?: Stories from Astronauts Who've Been There,20.46
2026-06-08,"We Are Robin, Vol. 1: The Vigilante Business (We Are Robin #1)",54.93
2026-06-07,"We Are Robin, Vol. 1: The Vigilante Business (We Are Robin #1)",53.61
2026-06-06,"We Are Robin, Vol. 1: The Vigilante Business (We Are Robin #1)",53.72
2026-06-05,"We Are Robin, Vol. 1: The Vigilante Business (We Are Robin #1)",54.77
2026-06-04,"We Are Robin, Vol. 1: The Vigilante Business (We Are Robin #1)",53.6
2026-06-03,"We Are Robin, Vol. 1: The Vigilante Business (We Are Robin #1)",54.09
2026-06-02,"We Are Robin, Vol. 1: The Vigilante Business (We Are Robin #1)",55.43
2026-06-08,Walt Disney's Alice in Wonderland,12.96
2026-06-07,Walt Disney's Alice in Wonderland,14.05
2026-06-06,Walt Disney's Alice in Wonderland,13.83
2026-06-05,Walt Disney's Alice in Wonderland,13.95
2026-06-04,Walt Disney's Alice in Wonderland,13.67
2026-06-03,Walt Disney's Alice in Wonderland,13.18
2026-06-02,Walt Disney's Alice in Wonderland,12.67
2026-06-08,V for Vendetta (V for Vendetta Complete),35.92
2026-06-07,V for Vendetta (V for Vendetta Complete),36.92
2026-06-06,V for Vendetta (V for Vendetta Complete),38.34
2026-06-05,V for Vendetta (V for Vendetta Complete),38.93
2026-06-04,V for Vendetta (V for Vendetta Complete),38.65
2026-06-03,V for Vendetta (V for Vendetta Complete),38.05
2026-06-02,V for Vendetta (V for Vendetta Complete),39.14
2026-06-08,Until Friday Night (The Field Party #1),46.05
2026-06-07,Until Friday Night (The Field Party #1),44.63
2026-06-06,Until Friday Night (The Field Party #1),44.1
2026-06-05,Until Friday Night (The Field Party #1),44.53
2026-06-04,Until Friday Night (The Field Party #1),45.52
2026-06-03,Until Friday Night (The Field Party #1),46.43
2026-06-02,Until Friday Night (The Field Party #1),47.08
2026-06-08,"Unbroken: A World War II Story of Survival, Resilience, and Redemption",46.65
2026-06-07,"Unbroken: A World War II Story of Survival, Resilience, and Redemption",48.05
2026-06-06,"Unbroken: A World War II Story of Survival, Resilience, and Redemption",49.41
2026-06-05,"Unbroken: A World War II Story of Survival, Resilience, and Redemption",50.81
2026-06-04,"Unbroken: A World War II Story of Survival, Resilience, and Redemption",49.82
2026-06-03,"Unbroken: A World War II Story of Survival, Resilience, and Redemption",49.76
2026-06-02,"Unbroken: A World War II Story of Survival, Resilience, and Redemption",49.81
2026-06-08,Twenty Yawns,22.73
2026-06-07,Twenty Yawns,22.88
2026-06-06,Twenty Yawns,23.37
2026-06-05,Twenty Yawns,22.69
2026-06-04,Twenty Yawns,21.28
2026-06-03,Twenty Yawns,21.69
2026-06-02,Twenty Yawns,20.67
2026-06-08,Through the Woods,24.29
2026-06-07,Through the Woods,23.36
2026-06-06,Through the Woods,24.16
2026-06-05,Through the Woods,23.35
2026-06-04,Through the Woods,22.06
2026-06-03,Through the Woods,23.38
2026-06-02,Through the Woods,22.1
2026-06-08,This Is Where It Ends,28.47
2026-06-07,This Is Where It Ends,27.4
2026-06-06,This Is Where It Ends,26.04
2026-06-05,This Is Where It Ends,26.44
2026-06-04,This Is Where It Ends,25.12
2026-06-03,This Is Where It Ends,26.46
2026-06-02,This Is Where It Ends,25.25
2026-06-08,The Year of Magical Thinking,42.72
2026-06-07,The Year of Magical Thinking,43.4
2026-06-06,The Year of Magical Thinking,44.73
2026-06-05,The Year of Magical Thinking,44.97
2026-06-04,The Year of Magical Thinking,44.82
2026-06-03,The Year of Magical Thinking,46.19
2026-06-02,The Year of Magical Thinking,47.08
2026-06-08,The Wright Brothers,57.37
2026-06-07,The Wright Brothers,57.72
2026-06-06,The Wright Brothers,58.59
2026-06-05,The Wright Brothers,59.59
2026-06-04,The Wright Brothers,59.13
2026-06-03,The Wright Brothers,59.24
2026-06-02,The Wright Brothers,59.37
2026-06-08,The White Queen (The Cousins' War #1),25.98
2026-06-07,The White Queen (The Cousins' War #1),26.07
2026-06-06,The White Queen (The Cousins' War #1),25.7
2026-06-05,The White Queen (The Cousins' War #1),26.18
2026-06-04,The White Queen (The Cousins' War #1),25.53
2026-06-03,The White Queen (The Cousins' War #1),24.36
2026-06-02,The White Queen (The Cousins' War #1),25.43
2026-06-08,The Wedding Pact (The O'Malleys #2),32.82
2026-06-07,The Wedding Pact (The O'Malleys #2),32.22
2026-06-06,The Wedding Pact (The O'Malleys #2),33.6
2026-06-05,The Wedding Pact (The O'Malleys #2),33.9
2026-06-04,The Wedding Pact (The O'Malleys #2),34.9
2026-06-03,The Wedding Pact (The O'Malleys #2),33.93
2026-06-02,The Wedding Pact (The O'Malleys #2),32.92
2026-06-08,The Time Keeper,29.28
2026-06-07,The Time Keeper,28.27
2026-06-06,The Time Keeper,27.39
2026-06-05,The Time Keeper,26.74
2026-06-04,The Time Keeper,26.72
2026-06-03,The Time Keeper,25.7
2026-06-02,The Time Keeper,27.05
2026-06-08,The Testament of Mary,52.76
2026-06-07,The Testament of Mary,53.0
2026-06-06,The Testament of Mary,53.8
2026-06-05,The Testament of Mary,53.53
2026-06-04,The Testament of Mary,53.02
2026-06-03,The Testament of Mary,52.47
2026-06-02,The Testament of Mary,53.81
2026-06-08,The Star-Touched Queen,44.96
2026-06-07,The Star-Touched Queen,44.35
2026-06-06,The Star-Touched Queen,44.41
2026-06-05,The Star-Touched Queen,43.88
2026-06-04,The Star-Touched Queen,43.18
2026-06-03,The Star-Touched Queen,43.95
2026-06-02,The Star-Touched Queen,44.36
2026-06-08,The Songs of the Gods,43.12
2026-06-07,The Songs of the Gods,43.12
2026-06-06,The Songs of the Gods,42.18
2026-06-05,The Songs of the Gods,43.13
2026-06-04,The Songs of the Gods,41.66
2026-06-03,The Songs of the Gods,41.0
2026-06-02,The Songs of the Gods,41.56
2026-06-08,The Song of Achilles,36.58
2026-06-07,The Song of Achilles,36.36
2026-06-06,The Song of Achilles,35.15
2026-06-05,The Song of Achilles,35.73
2026-06-04,The Song of Achilles,34.9
2026-06-03,The Song of Achilles,35.74
2026-06-02,The Song of Achilles,36.94
2026-06-08,The Rosie Project (Don Tillman #1),54.44
2026-06-07,The Rosie Project (Don Tillman #1),54.69
2026-06-06,The Rosie Project (Don Tillman #1),55.83
2026-06-05,The Rosie Project (Don Tillman #1),55.22
2026-06-04,The Rosie Project (Don Tillman #1),56.1
2026-06-03,The Rosie Project (Don Tillman #1),55.52
2026-06-02,The Rosie Project (Don Tillman #1),56.18
2026-06-08,The Power of Habit: Why We Do What We Do in Life and Business,17.37
2026-06-07,The Power of Habit: Why We Do What We Do in Life and Business,18.55
2026-06-06,The Power of Habit: Why We Do What We Do in Life and Business,17.97
2026-06-05,The Power of Habit: Why We Do What We Do in Life and Business,16.97
2026-06-04,The Power of Habit: Why We Do What We Do in Life and Business,17.76
2026-06-03,The Power of Habit: Why We Do What We Do in Life and Business,16.55
2026-06-02,The Power of Habit: Why We Do What We Do in Life and Business,17.33
2026-06-08,The Marriage of Opposites,29.5
2026-06-07,The Marriage of Opposites,28.59
2026-06-06,The Marriage of Opposites,29.87
2026-06-05,The Marriage of Opposites,30.71
2026-06-04,The Marriage of Opposites,29.4
2026-06-03,The Marriage of Opposites,28.99
2026-06-02,The Marriage of Opposites,27.97
2026-06-08,The Lucifer Effect: Understanding How Good People Turn Evil,11.63
2026-06-07,The Lucifer Effect: Understanding How Good People Turn Evil,10.87
2026-06-06,The Lucifer Effect: Understanding How Good People Turn Evil,9.61
2026-06-05,The Lucifer Effect: Understanding How Good People Turn Evil,9.88
2026-06-04,The Lucifer Effect: Understanding How Good People Turn Evil,10.43
2026-06-03,The Lucifer Effect: Understanding How Good People Turn Evil,9.69
2026-06-02,The Lucifer Effect: Understanding How Good People Turn Evil,10.86
2026-06-08,The Long Haul (Diary of a Wimpy Kid #9),44.0
2026-06-07,The Long Haul (Diary of a Wimpy Kid #9),45.29
2026-06-06,The Long Haul (Diary of a Wimpy Kid #9),45.35
2026-06-05,The Long Haul (Diary of a Wimpy Kid #9),45.99
2026-06-04,The Long Haul (Diary of a Wimpy Kid #9),46.15
2026-06-03,The Long Haul (Diary of a Wimpy Kid #9),45.09
2026-06-02,The Long Haul (Diary of a Wimpy Kid #9),46.16
2026-06-08,The Loney,22.24
2026-06-07,The Loney,20.81
2026-06-06,The Loney,20.49
2026-06-05,The Loney,20.53
2026-06-04,The Loney,19.72
2026-06-03,The Loney,20.59
2026-06-02,The Loney,21.98
2026-06-08,The Literature Book (Big Ideas Simply Explained),17.61
2026-06-07,The Literature Book (Big Ideas Simply Explained),16.61
2026-06-06,The Literature Book (Big Ideas Simply Explained),16.14
2026-06-05,The Literature Book (Big Ideas Simply Explained),15.24
2026-06-04,The Literature Book (Big Ideas Simply Explained),16.59
2026-06-03,The Literature Book (Big Ideas Simply Explained),17.07
2026-06-02,The Literature Book (Big Ideas Simply Explained),15.78
2026-06-08,The Last Mile (Amos Decker #2),54.89
2026-06-07,The Last Mile (Amos Decker #2),54.5
2026-06-06,The Last Mile (Amos Decker #2),55.98
2026-06-05,The Last Mile (Amos Decker #2),57.06
2026-06-04,The Last Mile (Amos Decker #2),55.82
2026-06-03,The Last Mile (Amos Decker #2),55.92
2026-06-02,The Last Mile (Amos Decker #2),56.2
2026-06-08,The Immortal Life of Henrietta Lacks,39.31
2026-06-07,The Immortal Life of Henrietta Lacks,40.34
2026-06-06,The Immortal Life of Henrietta Lacks,39.69
2026-06-05,The Immortal Life of Henrietta Lacks,38.8
2026-06-04,The Immortal Life of Henrietta Lacks,38.82
2026-06-03,The Immortal Life of Henrietta Lacks,39.12
2026-06-02,The Immortal Life of Henrietta Lacks,38.65
2026-06-08,The Hidden Oracle (The Trials of Apollo #1),51.18
2026-06-07,The Hidden Oracle (The Trials of Apollo #1),52.33
2026-06-06,The Hidden Oracle (The Trials of Apollo #1),50.9
2026-06-05,The Hidden Oracle (The Trials of Apollo #1),50.53
2026-06-04,The Hidden Oracle (The Trials of Apollo #1),51.2
2026-06-03,The Hidden Oracle (The Trials of Apollo #1),50.16
2026-06-02,The Hidden Oracle (The Trials of Apollo #1),51.25
2026-06-08,The Help Yourself Cookbook for Kids: 60 Easy Plant-Based Recipes Kids Can Make to Stay Healthy and Save the Earth,29.16
2026-06-07,The Help Yourself Cookbook for Kids: 60 Easy Plant-Based Recipes Kids Can Make to Stay Healthy and Save the Earth,29.09
2026-06-06,The Help Yourself Cookbook for Kids: 60 Easy Plant-Based Recipes Kids Can Make to Stay Healthy and Save the Earth,29.93
2026-06-05,The Help Yourself Cookbook for Kids: 60 Easy Plant-Based Recipes Kids Can Make to Stay Healthy and Save the Earth,29.24
2026-06-04,The Help Yourself Cookbook for Kids: 60 Easy Plant-Based Recipes Kids Can Make to Stay Healthy and Save the Earth,28.32
2026-06-03,The Help Yourself Cookbook for Kids: 60 Easy Plant-Based Recipes Kids Can Make to Stay Healthy and Save the Earth,26.9
2026-06-02,The Help Yourself Cookbook for Kids: 60 Easy Plant-Based Recipes Kids Can Make to Stay Healthy and Save the Earth,27.03
2026-06-08,The Guilty (Will Robie #4),13.78
2026-06-07,The Guilty (Will Robie #4),12.34
2026-06-06,The Guilty (Will Robie #4),12.7
2026-06-05,The Guilty (Will Robie #4),12.17
2026-06-04,The Guilty (Will Robie #4),11.79
2026-06-03,The Guilty (Will Robie #4),12.16
2026-06-02,The Guilty (Will Robie #4),13.55
2026-06-08,The First Hostage (J.B. Collins #2),27.02
2026-06-07,The First Hostage (J.B. Collins #2),27.33
2026-06-06,The First Hostage (J.B. Collins #2),27.76
2026-06-05,The First Hostage (J.B. Collins #2),28.81
2026-06-04,The First Hostage (J.B. Collins #2),28.37
2026-06-03,The First Hostage (J.B. Collins #2),27.61
2026-06-02,The First Hostage (J.B. Collins #2),27.9
2026-06-08,The Dovekeepers,47.52
2026-06-07,The Dovekeepers,47.31
2026-06-06,The Dovekeepers,46.17
2026-06-05,The Dovekeepers,46.23
2026-06-04,The Dovekeepers,44.88
2026-06-03,The Dovekeepers,46.21
2026-06-02,The Dovekeepers,46.27
2026-06-08,The Darkest Lie,35.65
2026-06-07,The Darkest Lie,34.68
2026-06-06,The Darkest Lie,34.98
2026-06-05,The Darkest Lie,36.29
2026-06-04,The Darkest Lie,37.62
2026-06-03,The Darkest Lie,36.61
2026-06-02,The Darkest Lie,37.97
2026-06-08,The Bane Chronicles (The Bane Chronicles #1-11),43.41
2026-06-07,The Bane Chronicles (The Bane Chronicles #1-11),42.1
2026-06-06,The Bane Chronicles (The Bane Chronicles #1-11),40.93
2026-06-05,The Bane Chronicles (The Bane Chronicles #1-11),41.9
2026-06-04,The Bane Chronicles (The Bane Chronicles #1-11),41.7
2026-06-03,The Bane Chronicles (The Bane Chronicles #1-11),42.2
2026-06-02,The Bane Chronicles (The Bane Chronicles #1-11),41.64
2026-06-08,The Bad-Ass Librarians of Timbuktu: And Their Race to Save the World’s Most Precious Manuscripts,16.62
2026-06-07,The Bad-Ass Librarians of Timbuktu: And Their Race to Save the World’s Most Precious Manuscripts,15.63
2026-06-06,The Bad-Ass Librarians of Timbuktu: And Their Race to Save the World’s Most Precious Manuscripts,14.99
2026-06-05,The Bad-Ass Librarians of Timbuktu: And Their Race to Save the World’s Most Precious Manuscripts,16.24
2026-06-04,The Bad-Ass Librarians of Timbuktu: And Their Race to Save the World’s Most Precious Manuscripts,14.95
2026-06-03,The Bad-Ass Librarians of Timbuktu: And Their Race to Save the World’s Most Precious Manuscripts,15.6
2026-06-02,The Bad-Ass Librarians of Timbuktu: And Their Race to Save the World’s Most Precious Manuscripts,16.77
2026-06-08,The 14th Colony (Cotton Malone #11),39.15
2026-06-07,The 14th Colony (Cotton Malone #11),37.76
2026-06-06,The 14th Colony (Cotton Malone #11),38.45
2026-06-05,The 14th Colony (Cotton Malone #11),37.99
2026-06-04,The 14th Colony (Cotton Malone #11),39.41
2026-06-03,The 14th Colony (Cotton Malone #11),38.03
2026-06-02,The 14th Colony (Cotton Malone #11),37.9
2026-06-08,That Darkness (Gardiner and Renner #1),15.33
2026-06-07,That Darkness (Gardiner and Renner #1),15.08
2026-06-06,That Darkness (Gardiner and Renner #1),15.04
2026-06-05,That Darkness (Gardiner and Renner #1),15.19
2026-06-04,That Darkness (Gardiner and Renner #1),14.11
2026-06-03,That Darkness (Gardiner and Renner #1),12.61
2026-06-02,That Darkness (Gardiner and Renner #1),13.53
2026-06-08,Tastes Like Fear (DI Marnie Rome #3),11.96
2026-06-07,Tastes Like Fear (DI Marnie Rome #3),12.67
2026-06-06,Tastes Like Fear (DI Marnie Rome #3),13.33
2026-06-05,Tastes Like Fear (DI Marnie Rome #3),12.77
2026-06-04,Tastes Like Fear (DI Marnie Rome #3),13.33
2026-06-03,Tastes Like Fear (DI Marnie Rome #3),12.94
2026-06-02,Tastes Like Fear (DI Marnie Rome #3),14.15
2026-06-08,Take Me with You,46.3
2026-06-07,Take Me with You,46.4
2026-06-06,Take Me with You,46.91
2026-06-05,Take Me with You,48.12
2026-06-04,Take Me with You,49.06
2026-06-03,Take Me with You,49.86
2026-06-02,Take Me with You,50.43
2026-06-08,Swell: A Year of Waves,45.73
2026-06-07,Swell: A Year of Waves,45.26
2026-06-06,Swell: A Year of Waves,46.19
2026-06-05,Swell: A Year of Waves,46.99
2026-06-04,Swell: A Year of Waves,48.1
2026-06-03,Swell: A Year of Waves,46.87
2026-06-02,Swell: A Year of Waves,46.27
2026-06-08,Superman Vol. 1: Before Truth (Superman by Gene Luen Yang #1),12.82
2026-06-07,Superman Vol. 1: Before Truth (Superman by Gene Luen Yang #1),13.43
2026-06-06,Superman Vol. 1: Before Truth (Superman by Gene Luen Yang #1),12.59
2026-06-05,Superman Vol. 1: Before Truth (Superman by Gene Luen Yang #1),13.82
2026-06-04,Superman Vol. 1: Before Truth (Superman by Gene Luen Yang #1),14.07
2026-06-03,Superman Vol. 1: Before Truth (Superman by Gene Luen Yang #1),14.06
2026-06-02,Superman Vol. 1: Before Truth (Superman by Gene Luen Yang #1),13.46
2026-06-08,Still Life with Bread Crumbs,25.2
2026-06-07,Still Life with Bread Crumbs,23.83
2026-06-06,Still Life with Bread Crumbs,23.67
2026-06-05,Still Life with Bread Crumbs,24.32
2026-06-04,Still Life with Bread Crumbs,24.79
2026-06-03,Still Life with Bread Crumbs,24.81
2026-06-02,Still Life with Bread Crumbs,25.34
2026-06-08,Steve Jobs,38.12
2026-06-07,Steve Jobs,38.09
2026-06-06,Steve Jobs,38.67
2026-06-05,Steve Jobs,38.88
2026-06-04,Steve Jobs,37.61
2026-06-03,Steve Jobs,38.7
2026-06-02,Steve Jobs,38.23
2026-06-08,Sorting the Beef from the Bull: The Science of Food Fraud Forensics,45.96
2026-06-07,Sorting the Beef from the Bull: The Science of Food Fraud Forensics,46.2
2026-06-06,Sorting the Beef from the Bull: The Science of Food Fraud Forensics,47.42
2026-06-05,Sorting the Beef from the Bull: The Science of Food Fraud Forensics,47.06
2026-06-04,Sorting the Beef from the Bull: The Science of Food Fraud Forensics,47.86
2026-06-03,Sorting the Beef from the Bull: The Science of Food Fraud Forensics,46.77
2026-06-02,Sorting the Beef from the Bull: The Science of Food Fraud Forensics,45.93
2026-06-08,Someone Like You (The Harrisons #2),54.2
2026-06-07,Someone Like You (The Harrisons #2),54.05
2026-06-06,Someone Like You (The Harrisons #2),55.08
2026-06-05,Someone Like You (The Harrisons #2),55.97
2026-06-04,Someone Like You (The Harrisons #2),55.14
2026-06-03,Someone Like You (The Harrisons #2),54.61
2026-06-02,Someone Like You (The Harrisons #2),53.4
2026-06-08,"So Cute It Hurts!!, Vol. 6 (So Cute It Hurts!! #6)",34.58
2026-06-07,"So Cute It Hurts!!, Vol. 6 (So Cute It Hurts!! #6)",33.95
2026-06-06,"So Cute It Hurts!!, Vol. 6 (So Cute It Hurts!! #6)",34.6
2026-06-05,"So Cute It Hurts!!, Vol. 6 (So Cute It Hurts!! #6)",34.63
2026-06-04,"So Cute It Hurts!!, Vol. 6 (So Cute It Hurts!! #6)",35.0
2026-06-03,"So Cute It Hurts!!, Vol. 6 (So Cute It Hurts!! #6)",35.42
2026-06-02,"So Cute It Hurts!!, Vol. 6 (So Cute It Hurts!! #6)",33.99
2026-06-08,Shtum,57.09
2026-06-07,Shtum,58.59
2026-06-06,Shtum,58.25
2026-06-05,Shtum,57.45
2026-06-04,Shtum,56.98
2026-06-03,Shtum,57.29
2026-06-02,Shtum,56.5
2026-06-08,See America: A Celebration of Our National Parks & Treasured Sites,47.61
2026-06-07,See America: A Celebration of Our National Parks & Treasured Sites,46.81
2026-06-06,See America: A Celebration of Our National Parks & Treasured Sites,45.38
2026-06-05,See America: A Celebration of Our National Parks & Treasured Sites,43.89
2026-06-04,See America: A Celebration of Our National Parks & Treasured Sites,44.1
2026-06-03,See America: A Celebration of Our National Parks & Treasured Sites,43.19
2026-06-02,See America: A Celebration of Our National Parks & Treasured Sites,42.04
2026-06-08,salt.,45.65
2026-06-07,salt.,45.77
2026-06-06,salt.,46.48
2026-06-05,salt.,47.96
2026-06-04,salt.,47.4
2026-06-03,salt.,47.06
2026-06-02,salt.,48.34
2026-06-08,Robin War,48.39
2026-06-07,Robin War,46.9
2026-06-06,Robin War,48.09
2026-06-05,Robin War,47.08
2026-06-04,Robin War,47.86
2026-06-03,Robin War,47.5
2026-06-02,Robin War,47.91
2026-06-08,"Red Hood/Arsenal, Vol. 1: Open for Business (Red Hood/Arsenal #1)",25.74
2026-06-07,"Red Hood/Arsenal, Vol. 1: Open for Business (Red Hood/Arsenal #1)",25.37
2026-06-06,"Red Hood/Arsenal, Vol. 1: Open for Business (Red Hood/Arsenal #1)",24.55
2026-06-05,"Red Hood/Arsenal, Vol. 1: Open for Business (Red Hood/Arsenal #1)",25.21
2026-06-04,"Red Hood/Arsenal, Vol. 1: Open for Business (Red Hood/Arsenal #1)",23.77
2026-06-03,"Red Hood/Arsenal, Vol. 1: Open for Business (Red Hood/Arsenal #1)",24.89
2026-06-02,"Red Hood/Arsenal, Vol. 1: Open for Business (Red Hood/Arsenal #1)",26.13
2026-06-08,Rain Fish,24.79
2026-06-07,Rain Fish,25.0
2026-06-06,Rain Fish,24.92
2026-06-05,Rain Fish,25.73
2026-06-04,Rain Fish,25.54
2026-06-03,Rain Fish,24.78
2026-06-02,Rain Fish,25.66
2026-06-08,"Quarter Life Poetry: Poems for the Young, Broke and Hangry",50.14
2026-06-07,"Quarter Life Poetry: Poems for the Young, Broke and Hangry",51.16
2026-06-06,"Quarter Life Poetry: Poems for the Young, Broke and Hangry",50.22
2026-06-05,"Quarter Life Poetry: Poems for the Young, Broke and Hangry",50.14
2026-06-04,"Quarter Life Poetry: Poems for the Young, Broke and Hangry",50.48
2026-06-03,"Quarter Life Poetry: Poems for the Young, Broke and Hangry",50.88
2026-06-02,"Quarter Life Poetry: Poems for the Young, Broke and Hangry",52.05
2026-06-08,Pet Sematary,9.08
2026-06-07,Pet Sematary,8.15
2026-06-06,Pet Sematary,8.46
2026-06-05,Pet Sematary,7.69
2026-06-04,Pet Sematary,7.36
2026-06-03,Pet Sematary,6.68
2026-06-02,Pet Sematary,6.79
2026-06-08,"Overload: How to Unplug, Unwind, and Unleash Yourself from the Pressure of Stress",52.55
2026-06-07,"Overload: How to Unplug, Unwind, and Unleash Yourself from the Pressure of Stress",52.58
2026-06-06,"Overload: How to Unplug, Unwind, and Unleash Yourself from the Pressure of Stress",52.12
2026-06-05,"Overload: How to Unplug, Unwind, and Unleash Yourself from the Pressure of Stress",51.55
2026-06-04,"Overload: How to Unplug, Unwind, and Unleash Yourself from the Pressure of Stress",50.71
2026-06-03,"Overload: How to Unplug, Unwind, and Unleash Yourself from the Pressure of Stress",50.99
2026-06-02,"Overload: How to Unplug, Unwind, and Unleash Yourself from the Pressure of Stress",49.79
2026-06-08,Once Was a Time,16.96
2026-06-07,Once Was a Time,16.25
2026-06-06,Once Was a Time,16.29
2026-06-05,Once Was a Time,16.41
2026-06-04,Once Was a Time,16.2
2026-06-03,Once Was a Time,16.43
2026-06-02,Once Was a Time,16.01
2026-06-08,Old School (Diary of a Wimpy Kid #10),11.87
2026-06-07,Old School (Diary of a Wimpy Kid #10),12.94
2026-06-06,Old School (Diary of a Wimpy Kid #10),11.92
2026-06-05,Old School (Diary of a Wimpy Kid #10),10.56
2026-06-04,Old School (Diary of a Wimpy Kid #10),11.32
2026-06-03,Old School (Diary of a Wimpy Kid #10),10.34
2026-06-02,Old School (Diary of a Wimpy Kid #10),9.36
2026-06-08,No Dream Is Too High: Life Lessons From a Man Who Walked on the Moon,21.07
2026-06-07,No Dream Is Too High: Life Lessons From a Man Who Walked on the Moon,21.68
2026-06-06,No Dream Is Too High: Life Lessons From a Man Who Walked on the Moon,22.18
2026-06-05,No Dream Is Too High: Life Lessons From a Man Who Walked on the Moon,23.53
2026-06-04,No Dream Is Too High: Life Lessons From a Man Who Walked on the Moon,24.09
2026-06-03,No Dream Is Too High: Life Lessons From a Man Who Walked on the Moon,25.08
2026-06-02,No Dream Is Too High: Life Lessons From a Man Who Walked on the Moon,25.39
2026-06-08,"Naruto (3-in-1 Edition), Vol. 14: Includes Vols. 40, 41 & 42 (Naruto: Omnibus #14)",39.05
2026-06-07,"Naruto (3-in-1 Edition), Vol. 14: Includes Vols. 40, 41 & 42 (Naruto: Omnibus #14)",39.58
2026-06-06,"Naruto (3-in-1 Edition), Vol. 14: Includes Vols. 40, 41 & 42 (Naruto: Omnibus #14)",39.23
2026-06-05,"Naruto (3-in-1 Edition), Vol. 14: Includes Vols. 40, 41 & 42 (Naruto: Omnibus #14)",37.99
2026-06-04,"Naruto (3-in-1 Edition), Vol. 14: Includes Vols. 40, 41 & 42 (Naruto: Omnibus #14)",38.82
2026-06-03,"Naruto (3-in-1 Edition), Vol. 14: Includes Vols. 40, 41 & 42 (Naruto: Omnibus #14)",39.87
2026-06-02,"Naruto (3-in-1 Edition), Vol. 14: Includes Vols. 40, 41 & 42 (Naruto: Omnibus #14)",39.97
2026-06-08,My Name Is Lucy Barton,42.0
2026-06-07,My Name Is Lucy Barton,42.67
2026-06-06,My Name Is Lucy Barton,41.88
2026-06-05,My Name Is Lucy Barton,42.01
2026-06-04,My Name Is Lucy Barton,40.97
2026-06-03,My Name Is Lucy Barton,39.5
2026-06-02,My Name Is Lucy Barton,38.14
2026-06-08,My Mrs. Brown,25.04
2026-06-07,My Mrs. Brown,24.83
2026-06-06,My Mrs. Brown,23.85
2026-06-05,My Mrs. Brown,23.62
2026-06-04,My Mrs. Brown,23.41
2026-06-03,My Mrs. Brown,23.26
2026-06-02,My Mrs. Brown,24.65
2026-06-08,My Kind of Crazy,40.4
2026-06-07,My Kind of Crazy,40.99
2026-06-06,My Kind of Crazy,41.7
2026-06-05,My Kind of Crazy,42.41
2026-06-04,My Kind of Crazy,41.08
2026-06-03,My Kind of Crazy,39.65
2026-06-02,My Kind of Crazy,39.88
2026-06-08,Mr. Mercedes (Bill Hodges Trilogy #1),27.68
2026-06-07,Mr. Mercedes (Bill Hodges Trilogy #1),27.84
2026-06-06,Mr. Mercedes (Bill Hodges Trilogy #1),28.81
2026-06-05,Mr. Mercedes (Bill Hodges Trilogy #1),28.76
2026-06-04,Mr. Mercedes (Bill Hodges Trilogy #1),29.3
2026-06-03,Mr. Mercedes (Bill Hodges Trilogy #1),29.9
2026-06-02,Mr. Mercedes (Bill Hodges Trilogy #1),29.07
2026-06-08,More Than Music (Chasing the Dream #1),37.68
2026-06-07,More Than Music (Chasing the Dream #1),37.13
2026-06-06,More Than Music (Chasing the Dream #1),36.12
2026-06-05,More Than Music (Chasing the Dream #1),34.77
2026-06-04,More Than Music (Chasing the Dream #1),34.69
2026-06-03,More Than Music (Chasing the Dream #1),35.28
2026-06-02,More Than Music (Chasing the Dream #1),34.37
2026-06-08,Made to Stick: Why Some Ideas Survive and Others Die,38.27
2026-06-07,Made to Stick: Why Some Ideas Survive and Others Die,39.75
2026-06-06,Made to Stick: Why Some Ideas Survive and Others Die,39.34
2026-06-05,Made to Stick: Why Some Ideas Survive and Others Die,39.44
2026-06-04,Made to Stick: Why Some Ideas Survive and Others Die,40.92
2026-06-03,Made to Stick: Why Some Ideas Survive and Others Die,41.49
2026-06-02,Made to Stick: Why Some Ideas Survive and Others Die,40.06
2026-06-08,Luis Paints the World,53.17
2026-06-07,Luis Paints the World,52.51
2026-06-06,Luis Paints the World,51.06
2026-06-05,Luis Paints the World,49.83
2026-06-04,Luis Paints the World,51.11
2026-06-03,Luis Paints the World,52.04
2026-06-02,Luis Paints the World,52.16
2026-06-08,Luckiest Girl Alive,49.69
2026-06-07,Luckiest Girl Alive,50.18
2026-06-06,Luckiest Girl Alive,48.85
2026-06-05,Luckiest Girl Alive,48.09
2026-06-04,Luckiest Girl Alive,47.49
2026-06-03,Luckiest Girl Alive,48.19
2026-06-02,Luckiest Girl Alive,48.42
2026-06-08,Lowriders to the Center of the Earth (Lowriders in Space #2),51.59
2026-06-07,Lowriders to the Center of the Earth (Lowriders in Space #2),52.7
2026-06-06,Lowriders to the Center of the Earth (Lowriders in Space #2),51.98
2026-06-05,Lowriders to the Center of the Earth (Lowriders in Space #2),52.01
2026-06-04,Lowriders to the Center of the Earth (Lowriders in Space #2),52.76
2026-06-03,Lowriders to the Center of the Earth (Lowriders in Space #2),52.7
2026-06-02,Lowriders to the Center of the Earth (Lowriders in Space #2),53.97
2026-06-08,Love Is a Mix Tape (Music #1),19.0
2026-06-07,Love Is a Mix Tape (Music #1),19.75
2026-06-06,Love Is a Mix Tape (Music #1),20.52
2026-06-05,Love Is a Mix Tape (Music #1),21.29
2026-06-04,Love Is a Mix Tape (Music #1),20.54
2026-06-03,Love Is a Mix Tape (Music #1),20.41
2026-06-02,Love Is a Mix Tape (Music #1),19.52
2026-06-08,Looking for Lovely: Collecting the Moments that Matter,28.02
2026-06-07,Looking for Lovely: Collecting the Moments that Matter,28.8
2026-06-06,Looking for Lovely: Collecting the Moments that Matter,27.74
2026-06-05,Looking for Lovely: Collecting the Moments that Matter,27.37
2026-06-04,Looking for Lovely: Collecting the Moments that Matter,26.36
2026-06-03,Looking for Lovely: Collecting the Moments that Matter,27.17
2026-06-02,Looking for Lovely: Collecting the Moments that Matter,27.66
2026-06-08,"Living Leadership by Insight: A Good Leader Achieves, a Great Leader Builds Monuments",47.35
2026-06-07,"Living Leadership by Insight: A Good Leader Achieves, a Great Leader Builds Monuments",46.17
2026-06-06,"Living Leadership by Insight: A Good Leader Achieves, a Great Leader Builds Monuments",45.62
2026-06-05,"Living Leadership by Insight: A Good Leader Achieves, a Great Leader Builds Monuments",44.82
2026-06-04,"Living Leadership by Insight: A Good Leader Achieves, a Great Leader Builds Monuments",44.64
2026-06-03,"Living Leadership by Insight: A Good Leader Achieves, a Great Leader Builds Monuments",43.7
2026-06-02,"Living Leadership by Insight: A Good Leader Achieves, a Great Leader Builds Monuments",44.77
2026-06-08,Let It Out: A Journey Through Journaling,25.67
2026-06-07,Let It Out: A Journey Through Journaling,25.51
2026-06-06,Let It Out: A Journey Through Journaling,26.83
2026-06-05,Let It Out: A Journey Through Journaling,28.21
2026-06-04,Let It Out: A Journey Through Journaling,27.4
2026-06-03,Let It Out: A Journey Through Journaling,27.07
2026-06-02,Let It Out: A Journey Through Journaling,28.15
2026-06-08,Lady Midnight (The Dark Artifices #1),17.39
2026-06-07,Lady Midnight (The Dark Artifices #1),17.94
2026-06-06,Lady Midnight (The Dark Artifices #1),16.71
2026-06-05,Lady Midnight (The Dark Artifices #1),18.16
2026-06-04,Lady Midnight (The Dark Artifices #1),16.73
2026-06-03,Lady Midnight (The Dark Artifices #1),18.16
2026-06-02,Lady Midnight (The Dark Artifices #1),18.97
2026-06-08,"It's All Easy: Healthy, Delicious Weeknight Meals in under 30 Minutes",19.86
2026-06-07,"It's All Easy: Healthy, Delicious Weeknight Meals in under 30 Minutes",19.07
2026-06-06,"It's All Easy: Healthy, Delicious Weeknight Meals in under 30 Minutes",19.61
2026-06-05,"It's All Easy: Healthy, Delicious Weeknight Meals in under 30 Minutes",18.98
2026-06-04,"It's All Easy: Healthy, Delicious Weeknight Meals in under 30 Minutes",18.32
2026-06-03,"It's All Easy: Healthy, Delicious Weeknight Meals in under 30 Minutes",17.48
2026-06-02,"It's All Easy: Healthy, Delicious Weeknight Meals in under 30 Minutes",18.29
2026-06-08,Island of Dragons (Unwanteds #7),29.02
2026-06-07,Island of Dragons (Unwanteds #7),30.35
2026-06-06,Island of Dragons (Unwanteds #7),30.79
2026-06-05,Island of Dragons (Unwanteds #7),31.63
2026-06-04,Island of Dragons (Unwanteds #7),32.63
2026-06-03,Island of Dragons (Unwanteds #7),33.9
2026-06-02,Island of Dragons (Unwanteds #7),33.67
2026-06-08,I Know What I'm Doing -- and Other Lies I Tell Myself: Dispatches from a Life Under Construction,24.87
2026-06-07,I Know What I'm Doing -- and Other Lies I Tell Myself: Dispatches from a Life Under Construction,25.77
2026-06-06,I Know What I'm Doing -- and Other Lies I Tell Myself: Dispatches from a Life Under Construction,26.92
2026-06-05,I Know What I'm Doing -- and Other Lies I Tell Myself: Dispatches from a Life Under Construction,26.06
2026-06-04,I Know What I'm Doing -- and Other Lies I Tell Myself: Dispatches from a Life Under Construction,26.25
2026-06-03,I Know What I'm Doing -- and Other Lies I Tell Myself: Dispatches from a Life Under Construction,27.24
2026-06-02,I Know What I'm Doing -- and Other Lies I Tell Myself: Dispatches from a Life Under Construction,28.6
2026-06-08,I Am Pilgrim (Pilgrim #1),10.39
2026-06-07,I Am Pilgrim (Pilgrim #1),11.2
2026-06-06,I Am Pilgrim (Pilgrim #1),11.53
2026-06-05,I Am Pilgrim (Pilgrim #1),12.25
2026-06-04,I Am Pilgrim (Pilgrim #1),12.51
2026-06-03,I Am Pilgrim (Pilgrim #1),11.99
2026-06-02,I Am Pilgrim (Pilgrim #1),12.58
2026-06-08,"Hyperbole and a Half: Unfortunate Situations, Flawed Coping Mechanisms, Mayhem, and Other Things That Happened",15.34
2026-06-07,"Hyperbole and a Half: Unfortunate Situations, Flawed Coping Mechanisms, Mayhem, and Other Things That Happened",15.61
2026-06-06,"Hyperbole and a Half: Unfortunate Situations, Flawed Coping Mechanisms, Mayhem, and Other Things That Happened",14.5
2026-06-05,"Hyperbole and a Half: Unfortunate Situations, Flawed Coping Mechanisms, Mayhem, and Other Things That Happened",13.05
2026-06-04,"Hyperbole and a Half: Unfortunate Situations, Flawed Coping Mechanisms, Mayhem, and Other Things That Happened",12.14
2026-06-03,"Hyperbole and a Half: Unfortunate Situations, Flawed Coping Mechanisms, Mayhem, and Other Things That Happened",12.84
2026-06-02,"Hyperbole and a Half: Unfortunate Situations, Flawed Coping Mechanisms, Mayhem, and Other Things That Happened",12.87
2026-06-08,"Hush, Hush (Hush, Hush #1)",47.26
2026-06-07,"Hush, Hush (Hush, Hush #1)",47.44
2026-06-06,"Hush, Hush (Hush, Hush #1)",46.02
2026-06-05,"Hush, Hush (Hush, Hush #1)",44.67
2026-06-04,"Hush, Hush (Hush, Hush #1)",44.24
2026-06-03,"Hush, Hush (Hush, Hush #1)",43.43
2026-06-02,"Hush, Hush (Hush, Hush #1)",43.72
2026-06-08,Hold Your Breath (Search and Rescue #1),28.6
2026-06-07,Hold Your Breath (Search and Rescue #1),30.07
2026-06-06,Hold Your Breath (Search and Rescue #1),29.31
2026-06-05,Hold Your Breath (Search and Rescue #1),29.74
2026-06-04,Hold Your Breath (Search and Rescue #1),30.8
2026-06-03,Hold Your Breath (Search and Rescue #1),31.05
2026-06-02,Hold Your Breath (Search and Rescue #1),30.7
2026-06-08,Hamilton: The Revolution,59.15
2026-06-07,Hamilton: The Revolution,59.08
2026-06-06,Hamilton: The Revolution,59.35
2026-06-05,Hamilton: The Revolution,59.7
2026-06-04,Hamilton: The Revolution,60.6
2026-06-03,Hamilton: The Revolution,61.45
2026-06-02,Hamilton: The Revolution,60.51
2026-06-08,Greek Mythic History,11.26
2026-06-07,Greek Mythic History,10.62
2026-06-06,Greek Mythic History,11.68
2026-06-05,Greek Mythic History,10.85
2026-06-04,Greek Mythic History,10.02
2026-06-03,Greek Mythic History,11.41
2026-06-02,Greek Mythic History,11.63
2026-06-08,God: The Most Unpleasant Character in All Fiction,30.4
2026-06-07,God: The Most Unpleasant Character in All Fiction,30.0
2026-06-06,God: The Most Unpleasant Character in All Fiction,30.72
2026-06-05,God: The Most Unpleasant Character in All Fiction,29.93
2026-06-04,God: The Most Unpleasant Character in All Fiction,28.91
2026-06-03,God: The Most Unpleasant Character in All Fiction,28.41
2026-06-02,God: The Most Unpleasant Character in All Fiction,27.98
2026-06-08,Glory over Everything: Beyond The Kitchen House,45.7
2026-06-07,Glory over Everything: Beyond The Kitchen House,45.39
2026-06-06,Glory over Everything: Beyond The Kitchen House,44.74
2026-06-05,Glory over Everything: Beyond The Kitchen House,43.5
2026-06-04,Glory over Everything: Beyond The Kitchen House,44.69
2026-06-03,Glory over Everything: Beyond The Kitchen House,45.55
2026-06-02,Glory over Everything: Beyond The Kitchen House,44.66
2026-06-08,Feathers: Displays of Brilliant Plumage,48.5
2026-06-07,Feathers: Displays of Brilliant Plumage,47.07
2026-06-06,Feathers: Displays of Brilliant Plumage,47.86
2026-06-05,Feathers: Displays of Brilliant Plumage,48.15
2026-06-04,Feathers: Displays of Brilliant Plumage,48.58
2026-06-03,Feathers: Displays of Brilliant Plumage,47.41
2026-06-02,Feathers: Displays of Brilliant Plumage,46.25
2026-06-08,"Far & Away: Places on the Brink of Change: Seven Continents, Twenty-Five Years",13.7
2026-06-07,"Far & Away: Places on the Brink of Change: Seven Continents, Twenty-Five Years",14.38
2026-06-06,"Far & Away: Places on the Brink of Change: Seven Continents, Twenty-Five Years",12.92
2026-06-05,"Far & Away: Places on the Brink of Change: Seven Continents, Twenty-Five Years",12.03
2026-06-04,"Far & Away: Places on the Brink of Change: Seven Continents, Twenty-Five Years",11.02
2026-06-03,"Far & Away: Places on the Brink of Change: Seven Continents, Twenty-Five Years",11.55
2026-06-02,"Far & Away: Places on the Brink of Change: Seven Continents, Twenty-Five Years",10.22
2026-06-08,Every Last Word,46.34
2026-06-07,Every Last Word,45.29
2026-06-06,Every Last Word,44.55
2026-06-05,Every Last Word,43.94
2026-06-04,Every Last Word,42.51
2026-06-03,Every Last Word,42.91
2026-06-02,Every Last Word,43.46
2026-06-08,Eligible (The Austen Project #4),26.28
2026-06-07,Eligible (The Austen Project #4),26.54
2026-06-06,Eligible (The Austen Project #4),26.12
2026-06-05,Eligible (The Austen Project #4),25.12
2026-06-04,Eligible (The Austen Project #4),26.37
2026-06-03,Eligible (The Austen Project #4),25.09
2026-06-02,Eligible (The Austen Project #4),23.74
2026-06-08,El Deafo,58.66
2026-06-07,El Deafo,59.85
2026-06-06,El Deafo,60.29
2026-06-05,El Deafo,61.39
2026-06-04,El Deafo,62.03
2026-06-03,El Deafo,61.13
2026-06-02,El Deafo,61.52
2026-06-08,Eight Hundred Grapes,13.52
2026-06-07,Eight Hundred Grapes,14.8
2026-06-06,Eight Hundred Grapes,16.03
2026-06-05,Eight Hundred Grapes,17.42
2026-06-04,Eight Hundred Grapes,18.69
2026-06-03,Eight Hundred Grapes,19.77
2026-06-02,Eight Hundred Grapes,18.72
2026-06-08,"Eaternity: More than 150 Deliciously Easy Vegan Recipes for a Long, Healthy, Satisfied, Joyful Life",52.97
2026-06-07,"Eaternity: More than 150 Deliciously Easy Vegan Recipes for a Long, Healthy, Satisfied, Joyful Life",53.86
2026-06-06,"Eaternity: More than 150 Deliciously Easy Vegan Recipes for a Long, Healthy, Satisfied, Joyful Life",53.29
2026-06-05,"Eaternity: More than 150 Deliciously Easy Vegan Recipes for a Long, Healthy, Satisfied, Joyful Life",54.79
2026-06-04,"Eaternity: More than 150 Deliciously Easy Vegan Recipes for a Long, Healthy, Satisfied, Joyful Life",55.18
2026-06-03,"Eaternity: More than 150 Deliciously Easy Vegan Recipes for a Long, Healthy, Satisfied, Joyful Life",54.71
2026-06-02,"Eaternity: More than 150 Deliciously Easy Vegan Recipes for a Long, Healthy, Satisfied, Joyful Life",55.78
2026-06-08,"Eat Fat, Get Thin",54.6
2026-06-07,"Eat Fat, Get Thin",55.29
2026-06-06,"Eat Fat, Get Thin",54.54
2026-06-05,"Eat Fat, Get Thin",55.44
2026-06-04,"Eat Fat, Get Thin",54.11
2026-06-03,"Eat Fat, Get Thin",54.25
2026-06-02,"Eat Fat, Get Thin",55.32
2026-06-08,Don't Get Caught,55.6
2026-06-07,Don't Get Caught,55.3
2026-06-06,Don't Get Caught,54.16
2026-06-05,Don't Get Caught,54.12
2026-06-04,Don't Get Caught,54.39
2026-06-03,Don't Get Caught,55.5
2026-06-02,Don't Get Caught,56.07
2026-06-08,Doctor Sleep (The Shining #2),40.46
2026-06-07,Doctor Sleep (The Shining #2),39.21
2026-06-06,Doctor Sleep (The Shining #2),39.66
2026-06-05,Doctor Sleep (The Shining #2),38.18
2026-06-04,Doctor Sleep (The Shining #2),39.14
2026-06-03,Doctor Sleep (The Shining #2),40.37
2026-06-02,Doctor Sleep (The Shining #2),41.07
2026-06-08,Demigods & Magicians: Percy and Annabeth Meet the Kanes (Percy Jackson & Kane Chronicles Crossover #1-3),39.01
2026-06-07,Demigods & Magicians: Percy and Annabeth Meet the Kanes (Percy Jackson & Kane Chronicles Crossover #1-3),39.87
2026-06-06,Demigods & Magicians: Percy and Annabeth Meet the Kanes (Percy Jackson & Kane Chronicles Crossover #1-3),40.85
2026-06-05,Demigods & Magicians: Percy and Annabeth Meet the Kanes (Percy Jackson & Kane Chronicles Crossover #1-3),41.27
2026-06-04,Demigods & Magicians: Percy and Annabeth Meet the Kanes (Percy Jackson & Kane Chronicles Crossover #1-3),40.23
2026-06-03,Demigods & Magicians: Percy and Annabeth Meet the Kanes (Percy Jackson & Kane Chronicles Crossover #1-3),40.8
2026-06-02,Demigods & Magicians: Percy and Annabeth Meet the Kanes (Percy Jackson & Kane Chronicles Crossover #1-3),40.18
2026-06-08,Dear Mr. Knightley,10.0
2026-06-07,Dear Mr. Knightley,10.13
2026-06-06,Dear Mr. Knightley,10.5
2026-06-05,Dear Mr. Knightley,11.71
2026-06-04,Dear Mr. Knightley,12.36
2026-06-03,Dear Mr. Knightley,12.7
2026-06-02,Dear Mr. Knightley,11.57
2026-06-08,Daily Fantasy Sports,38.0
2026-06-07,Daily Fantasy Sports,39.05
2026-06-06,Daily Fantasy Sports,38.92
2026-06-05,Daily Fantasy Sports,37.65
2026-06-04,Daily Fantasy Sports,38.03
2026-06-03,Daily Fantasy Sports,39.3
2026-06-02,Daily Fantasy Sports,40.79
2026-06-08,Crazy Love: Overwhelmed by a Relentless God,47.12
2026-06-07,Crazy Love: Overwhelmed by a Relentless God,47.45
2026-06-06,Crazy Love: Overwhelmed by a Relentless God,46.08
2026-06-05,Crazy Love: Overwhelmed by a Relentless God,46.49
2026-06-04,Crazy Love: Overwhelmed by a Relentless God,45.24
2026-06-03,Crazy Love: Overwhelmed by a Relentless God,46.43
2026-06-02,Crazy Love: Overwhelmed by a Relentless God,47.17
2026-06-08,Cometh the Hour (The Clifton Chronicles #6),23.66
2026-06-07,Cometh the Hour (The Clifton Chronicles #6),23.05
2026-06-06,Cometh the Hour (The Clifton Chronicles #6),23.24
2026-06-05,Cometh the Hour (The Clifton Chronicles #6),22.07
2026-06-04,Cometh the Hour (The Clifton Chronicles #6),21.45
2026-06-03,Cometh the Hour (The Clifton Chronicles #6),22.0
2026-06-02,Cometh the Hour (The Clifton Chronicles #6),21.43
2026-06-08,Code Name Verity (Code Name Verity #1),22.15
2026-06-07,Code Name Verity (Code Name Verity #1),21.2
2026-06-06,Code Name Verity (Code Name Verity #1),21.89
2026-06-05,Code Name Verity (Code Name Verity #1),21.47
2026-06-04,Code Name Verity (Code Name Verity #1),22.87
2026-06-03,Code Name Verity (Code Name Verity #1),21.57
2026-06-02,Code Name Verity (Code Name Verity #1),20.29
2026-06-08,Clockwork Angel (The Infernal Devices #1),45.36
2026-06-07,Clockwork Angel (The Infernal Devices #1),45.59
2026-06-06,Clockwork Angel (The Infernal Devices #1),44.72
2026-06-05,Clockwork Angel (The Infernal Devices #1),45.79
2026-06-04,Clockwork Angel (The Infernal Devices #1),45.11
2026-06-03,Clockwork Angel (The Infernal Devices #1),45.27
2026-06-02,Clockwork Angel (The Infernal Devices #1),45.07
2026-06-08,City of Glass (The Mortal Instruments #3),56.68
2026-06-07,City of Glass (The Mortal Instruments #3),58.15
2026-06-06,City of Glass (The Mortal Instruments #3),57.22
2026-06-05,City of Glass (The Mortal Instruments #3),57.32
2026-06-04,City of Glass (The Mortal Instruments #3),57.98
2026-06-03,City of Glass (The Mortal Instruments #3),57.48
2026-06-02,City of Glass (The Mortal Instruments #3),57.65
2026-06-08,City of Fallen Angels (The Mortal Instruments #4),10.83
2026-06-07,City of Fallen Angels (The Mortal Instruments #4),12.04
2026-06-06,City of Fallen Angels (The Mortal Instruments #4),10.62
2026-06-05,City of Fallen Angels (The Mortal Instruments #4),10.18
2026-06-04,City of Fallen Angels (The Mortal Instruments #4),11.51
2026-06-03,City of Fallen Angels (The Mortal Instruments #4),10.35
2026-06-02,City of Fallen Angels (The Mortal Instruments #4),9.77
2026-06-08,City of Bones (The Mortal Instruments #1),43.41
2026-06-07,City of Bones (The Mortal Instruments #1),44.33
2026-06-06,City of Bones (The Mortal Instruments #1),45.08
2026-06-05,City of Bones (The Mortal Instruments #1),45.49
2026-06-04,City of Bones (The Mortal Instruments #1),46.48
2026-06-03,City of Bones (The Mortal Instruments #1),47.19
2026-06-02,City of Bones (The Mortal Instruments #1),46.67
2026-06-08,City of Ashes (The Mortal Instruments #2),47.13
2026-06-07,City of Ashes (The Mortal Instruments #2),45.98
2026-06-06,City of Ashes (The Mortal Instruments #2),44.96
2026-06-05,City of Ashes (The Mortal Instruments #2),45.28
2026-06-04,City of Ashes (The Mortal Instruments #2),44.5
2026-06-03,City of Ashes (The Mortal Instruments #2),45.65
2026-06-02,City of Ashes (The Mortal Instruments #2),46.7
2026-06-08,Cell,20.09
2026-06-07,Cell,20.36
2026-06-06,Cell,19.44
2026-06-05,Cell,20.81
2026-06-04,Cell,20.66
2026-06-03,Cell,21.4
2026-06-02,Cell,19.91
2026-06-08,Catching Jordan (Hundred Oaks),49.49
2026-06-07,Catching Jordan (Hundred Oaks),48.44
2026-06-06,Catching Jordan (Hundred Oaks),48.28
2026-06-05,Catching Jordan (Hundred Oaks),48.47
2026-06-04,Catching Jordan (Hundred Oaks),48.48
2026-06-03,Catching Jordan (Hundred Oaks),47.23
2026-06-02,Catching Jordan (Hundred Oaks),47.59
2026-06-08,"Carry On, Warrior: Thoughts on Life Unarmed",31.8
2026-06-07,"Carry On, Warrior: Thoughts on Life Unarmed",31.1
2026-06-06,"Carry On, Warrior: Thoughts on Life Unarmed",30.96
2026-06-05,"Carry On, Warrior: Thoughts on Life Unarmed",30.14
2026-06-04,"Carry On, Warrior: Thoughts on Life Unarmed",29.99
2026-06-03,"Carry On, Warrior: Thoughts on Life Unarmed",29.93
2026-06-02,"Carry On, Warrior: Thoughts on Life Unarmed",29.31
2026-06-08,Carrie,45.85
2026-06-07,Carrie,46.4
2026-06-06,Carrie,47.55
2026-06-05,Carrie,47.1
2026-06-04,Carrie,47.06
2026-06-03,Carrie,47.77
2026-06-02,Carrie,49.08
2026-06-08,Buying In: The Secret Dialogue Between What We Buy and Who We Are,37.99
2026-06-07,Buying In: The Secret Dialogue Between What We Buy and Who We Are,38.22
2026-06-06,Buying In: The Secret Dialogue Between What We Buy and Who We Are,37.74
2026-06-05,Buying In: The Secret Dialogue Between What We Buy and Who We Are,38.53
2026-06-04,Buying In: The Secret Dialogue Between What We Buy and Who We Are,39.06
2026-06-03,Buying In: The Secret Dialogue Between What We Buy and Who We Are,40.04
2026-06-02,Buying In: The Secret Dialogue Between What We Buy and Who We Are,40.43
2026-06-08,Brain on Fire: My Month of Madness,49.27
2026-06-07,Brain on Fire: My Month of Madness,49.58
2026-06-06,Brain on Fire: My Month of Madness,50.13
2026-06-05,Brain on Fire: My Month of Madness,49.76
2026-06-04,Brain on Fire: My Month of Madness,50.28
2026-06-03,Brain on Fire: My Month of Madness,50.08
2026-06-02,Brain on Fire: My Month of Madness,51.5
2026-06-08,Batman: Europa,33.05
2026-06-07,Batman: Europa,32.7
2026-06-06,Batman: Europa,31.97
2026-06-05,Batman: Europa,31.8
2026-06-04,Batman: Europa,30.57
2026-06-03,Batman: Europa,30.25
2026-06-02,Batman: Europa,31.25
2026-06-08,Barefoot Contessa Back to Basics,28.32
2026-06-07,Barefoot Contessa Back to Basics,27.82
2026-06-06,Barefoot Contessa Back to Basics,28.01
2026-06-05,Barefoot Contessa Back to Basics,27.32
2026-06-04,Barefoot Contessa Back to Basics,27.49
2026-06-03,Barefoot Contessa Back to Basics,26.55
2026-06-02,Barefoot Contessa Back to Basics,25.94
2026-06-08,Barefoot Contessa at Home: Everyday Recipes You'll Make Over and Over Again,49.79
2026-06-07,Barefoot Contessa at Home: Everyday Recipes You'll Make Over and Over Again,49.26
2026-06-06,Barefoot Contessa at Home: Everyday Recipes You'll Make Over and Over Again,50.69
2026-06-05,Barefoot Contessa at Home: Everyday Recipes You'll Make Over and Over Again,50.15
2026-06-04,Barefoot Contessa at Home: Everyday Recipes You'll Make Over and Over Again,51.47
2026-06-03,Barefoot Contessa at Home: Everyday Recipes You'll Make Over and Over Again,52.08
2026-06-02,Barefoot Contessa at Home: Everyday Recipes You'll Make Over and Over Again,51.98
2026-06-08,Balloon Animals,16.79
2026-06-07,Balloon Animals,17.29
2026-06-06,Balloon Animals,17.58
2026-06-05,Balloon Animals,17.92
2026-06-04,Balloon Animals,18.82
2026-06-03,Balloon Animals,19.86
2026-06-02,Balloon Animals,18.61
2026-06-08,Art Ops Vol. 1,49.92
2026-06-07,Art Ops Vol. 1,49.43
2026-06-06,Art Ops Vol. 1,49.74
2026-06-05,Art Ops Vol. 1,50.54
2026-06-04,Art Ops Vol. 1,51.72
2026-06-03,Art Ops Vol. 1,52.92
2026-06-02,Art Ops Vol. 1,54.2
2026-06-08,Aristotle and Dante Discover the Secrets of the Universe (Aristotle and Dante Discover the Secrets of the Universe #1),59.0
2026-06-07,Aristotle and Dante Discover the Secrets of the Universe (Aristotle and Dante Discover the Secrets of the Universe #1),60.23
2026-06-06,Aristotle and Dante Discover the Secrets of the Universe (Aristotle and Dante Discover the Secrets of the Universe #1),58.93
2026-06-05,Aristotle and Dante Discover the Secrets of the Universe (Aristotle and Dante Discover the Secrets of the Universe #1),57.54
2026-06-04,Aristotle and Dante Discover the Secrets of the Universe (Aristotle and Dante Discover the Secrets of the Universe #1),57.79
2026-06-03,Aristotle and Dante Discover the Secrets of the Universe (Aristotle and Dante Discover the Secrets of the Universe #1),58.73
2026-06-02,Aristotle and Dante Discover the Secrets of the Universe (Aristotle and Dante Discover the Secrets of the Universe #1),59.06
2026-06-08,Angels Walking (Angels Walking #1),34.48
2026-06-07,Angels Walking (Angels Walking #1),33.65
2026-06-06,Angels Walking (Angels Walking #1),34.48
2026-06-05,Angels Walking (Angels Walking #1),35.15
2026-06-04,Angels Walking (Angels Walking #1),35.87
2026-06-03,Angels Walking (Angels Walking #1),35.63
2026-06-02,Angels Walking (Angels Walking #1),35.13
2026-06-08,Angels & Demons (Robert Langdon #1),51.52
2026-06-07,Angels & Demons (Robert Langdon #1),50.12
2026-06-06,Angels & Demons (Robert Langdon #1),50.89
2026-06-05,Angels & Demons (Robert Langdon #1),51.12
2026-06-04,Angels & Demons (Robert Langdon #1),51.4
2026-06-03,Angels & Demons (Robert Langdon #1),50.4
2026-06-02,Angels & Demons (Robert Langdon #1),51.61
2026-06-08,All the Light We Cannot See,29.68
2026-06-07,All the Light We Cannot See,31.11
2026-06-06,All the Light We Cannot See,30.22
2026-06-05,All the Light We Cannot See,30.77
2026-06-04,All the Light We Cannot See,31.81
2026-06-03,All the Light We Cannot See,31.26
2026-06-02,All the Light We Cannot See,31.02
2026-06-08,"Adulthood Is a Myth: A ""Sarah's Scribbles"" Collection",11.64
2026-06-07,"Adulthood Is a Myth: A ""Sarah's Scribbles"" Collection",10.35
2026-06-06,"Adulthood Is a Myth: A ""Sarah's Scribbles"" Collection",9.39
2026-06-05,"Adulthood Is a Myth: A ""Sarah's Scribbles"" Collection",10.23
2026-06-04,"Adulthood Is a Myth: A ""Sarah's Scribbles"" Collection",10.87
2026-06-03,"Adulthood Is a Myth: A ""Sarah's Scribbles"" Collection",9.87
2026-06-02,"Adulthood Is a Myth: A ""Sarah's Scribbles"" Collection",8.46
2026-06-08,Abstract City,54.91
2026-06-07,Abstract City,55.95
2026-06-06,Abstract City,56.15
2026-06-05,Abstract City,56.42
2026-06-04,Abstract City,56.31
2026-06-03,Abstract City,54.91
2026-06-02,Abstract City,54.3
2026-06-08,A Time of Torment (Charlie Parker #14),48.62
2026-06-07,A Time of Torment (Charlie Parker #14),48.17
2026-06-06,A Time of Torment (Charlie Parker #14),47.09
2026-06-05,A Time of Torment (Charlie Parker #14),47.8
2026-06-04,A Time of Torment (Charlie Parker #14),47.89
2026-06-03,A Time of Torment (Charlie Parker #14),46.86
2026-06-02,A Time of Torment (Charlie Parker #14),46.42
2026-06-08,A Study in Scarlet (Sherlock Holmes #1),16.53
2026-06-07,A Study in Scarlet (Sherlock Holmes #1),17.15
2026-06-06,A Study in Scarlet (Sherlock Holmes #1),18.11
2026-06-05,A Study in Scarlet (Sherlock Holmes #1),17.79
2026-06-04,A Study in Scarlet (Sherlock Holmes #1),17.65
2026-06-03,A Study in Scarlet (Sherlock Holmes #1),17.55
2026-06-02,A Study in Scarlet (Sherlock Holmes #1),18.02
2026-06-08,"A Series of Catastrophes and Miracles: A True Story of Love, Science, and Cancer",57.48
2026-06-07,"A Series of Catastrophes and Miracles: A True Story of Love, Science, and Cancer",57.22
2026-06-06,"A Series of Catastrophes and Miracles: A True Story of Love, Science, and Cancer",57.18
2026-06-05,"A Series of Catastrophes and Miracles: A True Story of Love, Science, and Cancer",57.56
2026-06-04,"A Series of Catastrophes and Miracles: A True Story of Love, Science, and Cancer",58.41
2026-06-03,"A Series of Catastrophes and Miracles: A True Story of Love, Science, and Cancer",59.71
2026-06-02,"A Series of Catastrophes and Miracles: A True Story of Love, Science, and Cancer",61.15
2026-06-08,A People's History of the United States,41.66
2026-06-07,A People's History of the United States,41.16
2026-06-06,A People's History of the United States,40.69
2026-06-05,A People's History of the United States,39.31
2026-06-04,A People's History of the United States,40.18
2026-06-03,A People's History of the United States,38.99
2026-06-02,A People's History of the United States,37.68
2026-06-08,A Man Called Ove,40.45
2026-06-07,A Man Called Ove,40.66
2026-06-06,A Man Called Ove,40.38
2026-06-05,A Man Called Ove,39.46
2026-06-04,A Man Called Ove,38.04
2026-06-03,A Man Called Ove,37.59
2026-06-02,A Man Called Ove,36.25
2026-06-08,A Distant Mirror: The Calamitous 14th Century,15.45
2026-06-07,A Distant Mirror: The Calamitous 14th Century,15.38
2026-06-06,A Distant Mirror: The Calamitous 14th Century,13.97
2026-06-05,A Distant Mirror: The Calamitous 14th Century,14.06
2026-06-04,A Distant Mirror: The Calamitous 14th Century,13.9
2026-06-03,A Distant Mirror: The Calamitous 14th Century,13.96
2026-06-02,A Distant Mirror: The Calamitous 14th Century,13.62
2026-06-08,A Brush of Wings (Angels Walking #3),55.26
2026-06-07,A Brush of Wings (Angels Walking #3),56.39
2026-06-06,A Brush of Wings (Angels Walking #3),57.12
2026-06-05,A Brush of Wings (Angels Walking #3),58.04
2026-06-04,A Brush of Wings (Angels Walking #3),58.72
2026-06-03,A Brush of Wings (Angels Walking #3),58.47
2026-06-02,A Brush of Wings (Angels Walking #3),57.8
2026-06-08,1491: New Revelations of the Americas Before Columbus,21.02
2026-06-07,1491: New Revelations of the Americas Before Columbus,19.54
2026-06-06,1491: New Revelations of the Americas Before Columbus,19.62
2026-06-05,1491: New Revelations of the Americas Before Columbus,20.16
2026-06-04,1491: New Revelations of the Americas Before Columbus,19.8
2026-06-03,1491: New Revelations of the Americas Before Columbus,19.9
2026-06-02,1491: New Revelations of the Americas Before Columbus,20.72
2026-06-08,"The Three Searches, Meaning, and the Story",13.8
2026-06-07,"The Three Searches, Meaning, and the Story",14.55
2026-06-06,"The Three Searches, Meaning, and the Story",15.24
2026-06-05,"The Three Searches, Meaning, and the Story",14.38
2026-06-04,"The Three Searches, Meaning, and the Story",14.75
2026-06-03,"The Three Searches, Meaning, and the Story",14.27
2026-06-02,"The Three Searches, Meaning, and the Story",12.94
2026-06-08,Searching for Meaning in Gailana,39.5
2026-06-07,Searching for Meaning in Gailana,38.39
2026-06-06,Searching for Meaning in Gailana,37.46
2026-06-05,Searching for Meaning in Gailana,38.12
2026-06-04,Searching for Meaning in Gailana,38.71
2026-06-03,Searching for Meaning in Gailana,37.59
2026-06-02,Searching for Meaning in Gailana,37.75
2026-06-08,Rook,37.54
2026-06-07,Rook,36.91
2026-06-06,Rook,36.93
2026-06-05,Rook,35.65
2026-06-04,Rook,36.52
2026-06-03,Rook,35.66
2026-06-02,Rook,34.42
2026-06-08,My Kitchen Year: 136 Recipes That Saved My Life,10.27
2026-06-07,My Kitchen Year: 136 Recipes That Saved My Life,10.44
2026-06-06,My Kitchen Year: 136 Recipes That Saved My Life,11.38
2026-06-05,My Kitchen Year: 136 Recipes That Saved My Life,12.64
2026-06-04,My Kitchen Year: 136 Recipes That Saved My Life,13.12
2026-06-03,My Kitchen Year: 136 Recipes That Saved My Life,12.02
2026-06-02,My Kitchen Year: 136 Recipes That Saved My Life,12.05
2026-06-08,13 Hours: The Inside Account of What Really Happened In Benghazi,25.95
2026-06-07,13 Hours: The Inside Account of What Really Happened In Benghazi,24.9
2026-06-06,13 Hours: The Inside Account of What Really Happened In Benghazi,25.86
2026-06-05,13 Hours: The Inside Account of What Really Happened In Benghazi,24.71
2026-06-04,13 Hours: The Inside Account of What Really Happened In Benghazi,24.73
2026-06-03,13 Hours: The Inside Account of What Really Happened In Benghazi,24.94
2026-06-02,13 Hours: The Inside Account of What Really Happened In Benghazi,23.9
2026-06-08,Will You Won't You Want Me?,15.02
2026-06-07,Will You Won't You Want Me?,13.65
2026-06-06,Will You Won't You Want Me?,14.05
2026-06-05,Will You Won't You Want Me?,14.5
2026-06-04,Will You Won't You Want Me?,14.24
2026-06-03,Will You Won't You Want Me?,12.9
2026-06-02,Will You Won't You Want Me?,11.69
2026-06-08,Tipping Point for Planet Earth: How Close Are We to the Edge?,38.33
2026-06-07,Tipping Point for Planet Earth: How Close Are We to the Edge?,38.56
2026-06-06,Tipping Point for Planet Earth: How Close Are We to the Edge?,39.09
2026-06-05,Tipping Point for Planet Earth: How Close Are We to the Edge?,39.17
2026-06-04,Tipping Point for Planet Earth: How Close Are We to the Edge?,39.17
2026-06-03,Tipping Point for Planet Earth: How Close Are We to the Edge?,38.23
2026-06-02,Tipping Point for Planet Earth: How Close Are We to the Edge?,37.67
2026-06-08,The Star-Touched Queen,33.59
2026-06-07,The Star-Touched Queen,34.4
2026-06-06,The Star-Touched Queen,34.66
2026-06-05,The Star-Touched Queen,34.44
2026-06-04,The Star-Touched Queen,33.9
2026-06-03,The Star-Touched Queen,32.49
2026-06-02,The Star-Touched Queen,33.82
2026-06-08,The Silent Sister (Riley MacPherson #1),46.21
2026-06-07,The Silent Sister (Riley MacPherson #1),47.28
2026-06-06,The Silent Sister (Riley MacPherson #1),46.33
2026-06-05,The Silent Sister (Riley MacPherson #1),44.87
2026-06-04,The Silent Sister (Riley MacPherson #1),44.12
2026-06-03,The Silent Sister (Riley MacPherson #1),42.64
2026-06-02,The Silent Sister (Riley MacPherson #1),42.29
2026-06-08,The Midnight Watch: A Novel of the Titanic and the Californian,26.14
2026-06-07,The Midnight Watch: A Novel of the Titanic and the Californian,25.33
2026-06-06,The Midnight Watch: A Novel of the Titanic and the Californian,25.94
2026-06-05,The Midnight Watch: A Novel of the Titanic and the Californian,24.45
2026-06-04,The Midnight Watch: A Novel of the Titanic and the Californian,24.4
2026-06-03,The Midnight Watch: A Novel of the Titanic and the Californian,25.81
2026-06-02,The Midnight Watch: A Novel of the Titanic and the Californian,25.74
2026-06-08,The Lonely City: Adventures in the Art of Being Alone,34.06
2026-06-07,The Lonely City: Adventures in the Art of Being Alone,32.66
2026-06-06,The Lonely City: Adventures in the Art of Being Alone,33.38
2026-06-05,The Lonely City: Adventures in the Art of Being Alone,32.49
2026-06-04,The Lonely City: Adventures in the Art of Being Alone,31.26
2026-06-03,The Lonely City: Adventures in the Art of Being Alone,31.7
2026-06-02,The Lonely City: Adventures in the Art of Being Alone,30.56
2026-06-08,The Gray Rhino: How to Recognize and Act on the Obvious Dangers We Ignore,58.21
2026-06-07,The Gray Rhino: How to Recognize and Act on the Obvious Dangers We Ignore,57.03
2026-06-06,The Gray Rhino: How to Recognize and Act on the Obvious Dangers We Ignore,57.27
2026-06-05,The Gray Rhino: How to Recognize and Act on the Obvious Dangers We Ignore,58.12
2026-06-04,The Gray Rhino: How to Recognize and Act on the Obvious Dangers We Ignore,59.11
2026-06-03,The Gray Rhino: How to Recognize and Act on the Obvious Dangers We Ignore,58.27
2026-06-02,The Gray Rhino: How to Recognize and Act on the Obvious Dangers We Ignore,59.5
2026-06-08,The Golden Condom: And Other Essays on Love Lost and Found,39.43
2026-06-07,The Golden Condom: And Other Essays on Love Lost and Found,38.94
2026-06-06,The Golden Condom: And Other Essays on Love Lost and Found,40.29
2026-06-05,The Golden Condom: And Other Essays on Love Lost and Found,41.35
2026-06-04,The Golden Condom: And Other Essays on Love Lost and Found,40.52
2026-06-03,The Golden Condom: And Other Essays on Love Lost and Found,41.87
2026-06-02,The Golden Condom: And Other Essays on Love Lost and Found,41.28
2026-06-08,The Epidemic (The Program 0.6),13.95
2026-06-07,The Epidemic (The Program 0.6),12.8
2026-06-06,The Epidemic (The Program 0.6),13.9
2026-06-05,The Epidemic (The Program 0.6),14.93
2026-06-04,The Epidemic (The Program 0.6),14.76
2026-06-03,The Epidemic (The Program 0.6),15.81
2026-06-02,The Epidemic (The Program 0.6),16.75
2026-06-08,The Dinner Party,56.48
2026-06-07,The Dinner Party,57.76
2026-06-06,The Dinner Party,56.87
2026-06-05,The Dinner Party,55.38
2026-06-04,The Dinner Party,56.13
2026-06-03,The Dinner Party,56.08
2026-06-02,The Dinner Party,54.63
2026-06-08,The Diary of a Young Girl,59.1
2026-06-07,The Diary of a Young Girl,58.18
2026-06-06,The Diary of a Young Girl,57.0
2026-06-05,The Diary of a Young Girl,57.73
2026-06-04,The Diary of a Young Girl,56.45
2026-06-03,The Diary of a Young Girl,55.47
2026-06-02,The Diary of a Young Girl,54.57
2026-06-08,The Children,12.53
2026-06-07,The Children,11.53
2026-06-06,The Children,10.44
2026-06-05,The Children,11.84
2026-06-04,The Children,10.51
2026-06-03,The Children,10.34
2026-06-02,The Children,8.96
2026-06-08,Stars Above (The Lunar Chronicles #4.5),47.46
2026-06-07,Stars Above (The Lunar Chronicles #4.5),48.47
2026-06-06,Stars Above (The Lunar Chronicles #4.5),49.19
2026-06-05,Stars Above (The Lunar Chronicles #4.5),49.49
2026-06-04,Stars Above (The Lunar Chronicles #4.5),49.27
2026-06-03,Stars Above (The Lunar Chronicles #4.5),48.69
2026-06-02,Stars Above (The Lunar Chronicles #4.5),49.54
2026-06-08,Snatched: How A Drug Queen Went Undercover for the DEA and Was Kidnapped By Colombian Guerillas,21.16
2026-06-07,Snatched: How A Drug Queen Went Undercover for the DEA and Was Kidnapped By Colombian Guerillas,21.41
2026-06-06,Snatched: How A Drug Queen Went Undercover for the DEA and Was Kidnapped By Colombian Guerillas,21.99
2026-06-05,Snatched: How A Drug Queen Went Undercover for the DEA and Was Kidnapped By Colombian Guerillas,23.0
2026-06-04,Snatched: How A Drug Queen Went Undercover for the DEA and Was Kidnapped By Colombian Guerillas,24.21
2026-06-03,Snatched: How A Drug Queen Went Undercover for the DEA and Was Kidnapped By Colombian Guerillas,23.43
2026-06-02,Snatched: How A Drug Queen Went Undercover for the DEA and Was Kidnapped By Colombian Guerillas,23.31
2026-06-08,Raspberry Pi Electronics Projects for the Evil Genius,51.03
2026-06-07,Raspberry Pi Electronics Projects for the Evil Genius,52.35
2026-06-06,Raspberry Pi Electronics Projects for the Evil Genius,50.99
2026-06-05,Raspberry Pi Electronics Projects for the Evil Genius,51.55
2026-06-04,Raspberry Pi Electronics Projects for the Evil Genius,50.66
2026-06-03,Raspberry Pi Electronics Projects for the Evil Genius,50.95
2026-06-02,Raspberry Pi Electronics Projects for the Evil Genius,51.43
2026-06-08,Quench Your Own Thirst: Business Lessons Learned Over a Beer or Two,41.8
2026-06-07,Quench Your Own Thirst: Business Lessons Learned Over a Beer or Two,41.05
2026-06-06,Quench Your Own Thirst: Business Lessons Learned Over a Beer or Two,39.75
2026-06-05,Quench Your Own Thirst: Business Lessons Learned Over a Beer or Two,40.19
2026-06-04,Quench Your Own Thirst: Business Lessons Learned Over a Beer or Two,39.59
2026-06-03,Quench Your Own Thirst: Business Lessons Learned Over a Beer or Two,40.16
2026-06-02,Quench Your Own Thirst: Business Lessons Learned Over a Beer or Two,40.29
2026-06-08,Psycho: Sanitarium (Psycho #1.5),35.58
2026-06-07,Psycho: Sanitarium (Psycho #1.5),34.36
2026-06-06,Psycho: Sanitarium (Psycho #1.5),34.76
2026-06-05,Psycho: Sanitarium (Psycho #1.5),33.85
2026-06-04,Psycho: Sanitarium (Psycho #1.5),34.67
2026-06-03,Psycho: Sanitarium (Psycho #1.5),36.15
2026-06-02,Psycho: Sanitarium (Psycho #1.5),37.43
2026-06-08,Poisonous (Max Revere Novels #3),26.0
2026-06-07,Poisonous (Max Revere Novels #3),27.48
2026-06-06,Poisonous (Max Revere Novels #3),27.01
2026-06-05,Poisonous (Max Revere Novels #3),25.95
2026-06-04,Poisonous (Max Revere Novels #3),26.81
2026-06-03,Poisonous (Max Revere Novels #3),27.02
2026-06-02,Poisonous (Max Revere Novels #3),27.19
2026-06-08,One with You (Crossfire #5),16.75
2026-06-07,One with You (Crossfire #5),17.81
2026-06-06,One with You (Crossfire #5),18.09
2026-06-05,One with You (Crossfire #5),17.4
2026-06-04,One with You (Crossfire #5),17.28
2026-06-03,One with You (Crossfire #5),18.18
2026-06-02,One with You (Crossfire #5),18.72
2026-06-08,No Love Allowed (Dodge Cove #1),54.35
2026-06-07,No Love Allowed (Dodge Cove #1),55.09
2026-06-06,No Love Allowed (Dodge Cove #1),54.29
2026-06-05,No Love Allowed (Dodge Cove #1),55.02
2026-06-04,No Love Allowed (Dodge Cove #1),54.31
2026-06-03,No Love Allowed (Dodge Cove #1),54.68
2026-06-02,No Love Allowed (Dodge Cove #1),55.0
2026-06-08,Murder at the 42nd Street Library (Raymond Ambler #1),54.6
2026-06-07,Murder at the 42nd Street Library (Raymond Ambler #1),54.22
2026-06-06,Murder at the 42nd Street Library (Raymond Ambler #1),53.71
2026-06-05,Murder at the 42nd Street Library (Raymond Ambler #1),54.3
2026-06-04,Murder at the 42nd Street Library (Raymond Ambler #1),53.74
2026-06-03,Murder at the 42nd Street Library (Raymond Ambler #1),54.96
2026-06-02,Murder at the 42nd Street Library (Raymond Ambler #1),56.25
2026-06-08,Most Wanted,36.37
2026-06-07,Most Wanted,36.06
2026-06-06,Most Wanted,34.81
2026-06-05,Most Wanted,33.74
2026-06-04,Most Wanted,32.39
2026-06-03,Most Wanted,32.38
2026-06-02,Most Wanted,32.26
2026-06-08,"Love, Lies and Spies",19.23
2026-06-07,"Love, Lies and Spies",19.38
2026-06-06,"Love, Lies and Spies",20.64
2026-06-05,"Love, Lies and Spies",21.31
2026-06-04,"Love, Lies and Spies",20.05
2026-06-03,"Love, Lies and Spies",19.76
2026-06-02,"Love, Lies and Spies",20.07
2026-06-08,How to Speak Golf: An Illustrated Guide to Links Lingo,57.3
2026-06-07,How to Speak Golf: An Illustrated Guide to Links Lingo,58.78
2026-06-06,How to Speak Golf: An Illustrated Guide to Links Lingo,58.19
2026-06-05,How to Speak Golf: An Illustrated Guide to Links Lingo,58.82
2026-06-04,How to Speak Golf: An Illustrated Guide to Links Lingo,58.06
2026-06-03,How to Speak Golf: An Illustrated Guide to Links Lingo,57.6
2026-06-02,How to Speak Golf: An Illustrated Guide to Links Lingo,57.55
2026-06-08,Hide Away (Eve Duncan #20),13.25
2026-06-07,Hide Away (Eve Duncan #20),13.23
2026-06-06,Hide Away (Eve Duncan #20),13.84
2026-06-05,Hide Away (Eve Duncan #20),12.74
2026-06-04,Hide Away (Eve Duncan #20),13.22
2026-06-03,Hide Away (Eve Duncan #20),13.72
2026-06-02,Hide Away (Eve Duncan #20),14.79
2026-06-08,Furiously Happy: A Funny Book About Horrible Things,41.52
2026-06-07,Furiously Happy: A Funny Book About Horrible Things,41.3
2026-06-06,Furiously Happy: A Funny Book About Horrible Things,42.73
2026-06-05,Furiously Happy: A Funny Book About Horrible Things,43.01
2026-06-04,Furiously Happy: A Funny Book About Horrible Things,44.06
2026-06-03,Furiously Happy: A Funny Book About Horrible Things,44.78
2026-06-02,Furiously Happy: A Funny Book About Horrible Things,46.17
2026-06-08,Everyday Italian: 125 Simple and Delicious Recipes,20.29
2026-06-07,Everyday Italian: 125 Simple and Delicious Recipes,21.7
2026-06-06,Everyday Italian: 125 Simple and Delicious Recipes,22.49
2026-06-05,Everyday Italian: 125 Simple and Delicious Recipes,21.37
2026-06-04,Everyday Italian: 125 Simple and Delicious Recipes,21.6
2026-06-03,Everyday Italian: 125 Simple and Delicious Recipes,20.21
2026-06-02,Everyday Italian: 125 Simple and Delicious Recipes,20.8
2026-06-08,Equal Is Unfair: America's Misguided Fight Against Income Inequality,57.57
2026-06-07,Equal Is Unfair: America's Misguided Fight Against Income Inequality,58.75
2026-06-06,Equal Is Unfair: America's Misguided Fight Against Income Inequality,59.54
2026-06-05,Equal Is Unfair: America's Misguided Fight Against Income Inequality,59.46
2026-06-04,Equal Is Unfair: America's Misguided Fight Against Income Inequality,60.7
2026-06-03,Equal Is Unfair: America's Misguided Fight Against Income Inequality,61.64
2026-06-02,Equal Is Unfair: America's Misguided Fight Against Income Inequality,60.72
2026-06-08,Eleanor & Park,57.48
2026-06-07,Eleanor & Park,56.3
2026-06-06,Eleanor & Park,55.11
2026-06-05,Eleanor & Park,54.43
2026-06-04,Eleanor & Park,54.79
2026-06-03,Eleanor & Park,54.75
2026-06-02,Eleanor & Park,54.69
2026-06-08,Dirty (Dive Bar #1),41.08
2026-06-07,Dirty (Dive Bar #1),41.98
2026-06-06,Dirty (Dive Bar #1),42.0
2026-06-05,Dirty (Dive Bar #1),40.79
2026-06-04,Dirty (Dive Bar #1),42.13
2026-06-03,Dirty (Dive Bar #1),41.66
2026-06-02,Dirty (Dive Bar #1),42.03
2026-06-08,Can You Keep a Secret? (Fear Street Relaunch #4),47.96
2026-06-07,Can You Keep a Secret? (Fear Street Relaunch #4),46.81
2026-06-06,Can You Keep a Secret? (Fear Street Relaunch #4),46.51
2026-06-05,Can You Keep a Secret? (Fear Street Relaunch #4),45.23
2026-06-04,Can You Keep a Secret? (Fear Street Relaunch #4),45.45
2026-06-03,Can You Keep a Secret? (Fear Street Relaunch #4),46.38
2026-06-02,Can You Keep a Secret? (Fear Street Relaunch #4),45.88
2026-06-08,Boar Island (Anna Pigeon #19),60.89
2026-06-07,Boar Island (Anna Pigeon #19),62.01
2026-06-06,Boar Island (Anna Pigeon #19),60.69
2026-06-05,Boar Island (Anna Pigeon #19),61.19
2026-06-04,Boar Island (Anna Pigeon #19),61.17
2026-06-03,Boar Island (Anna Pigeon #19),61.78
2026-06-02,Boar Island (Anna Pigeon #19),62.88
2026-06-08,A Paris Apartment,40.47
2026-06-07,A Paris Apartment,40.14
2026-06-06,A Paris Apartment,39.34
2026-06-05,A Paris Apartment,39.08
2026-06-04,A Paris Apartment,38.82
2026-06-03,A Paris Apartment,38.86
2026-06-02,A Paris Apartment,40.3
2026-06-08,"A la Mode: 120 Recipes in 60 Pairings: Pies, Tarts, Cakes, Crisps, and More Topped with Ice Cream, Gelato, Frozen Custard, and More",37.99
2026-06-07,"A la Mode: 120 Recipes in 60 Pairings: Pies, Tarts, Cakes, Crisps, and More Topped with Ice Cream, Gelato, Frozen Custard, and More",38.78
2026-06-06,"A la Mode: 120 Recipes in 60 Pairings: Pies, Tarts, Cakes, Crisps, and More Topped with Ice Cream, Gelato, Frozen Custard, and More",37.34
2026-06-05,"A la Mode: 120 Recipes in 60 Pairings: Pies, Tarts, Cakes, Crisps, and More Topped with Ice Cream, Gelato, Frozen Custard, and More",38.38
2026-06-04,"A la Mode: 120 Recipes in 60 Pairings: Pies, Tarts, Cakes, Crisps, and More Topped with Ice Cream, Gelato, Frozen Custard, and More",36.91
2026-06-03,"A la Mode: 120 Recipes in 60 Pairings: Pies, Tarts, Cakes, Crisps, and More Topped with Ice Cream, Gelato, Frozen Custard, and More",36.93
2026-06-02,"A la Mode: 120 Recipes in 60 Pairings: Pies, Tarts, Cakes, Crisps, and More Topped with Ice Cream, Gelato, Frozen Custard, and More",37.93
2026-06-08,Troublemaker: Surviving Hollywood and Scientology,49.29
2026-06-07,Troublemaker: Surviving Hollywood and Scientology,49.01
2026-06-06,Troublemaker: Surviving Hollywood and Scientology,49.09
2026-06-05,Troublemaker: Surviving Hollywood and Scientology,49.54
2026-06-04,Troublemaker: Surviving Hollywood and Scientology,50.03
2026-06-03,Troublemaker: Surviving Hollywood and Scientology,50.16
2026-06-02,Troublemaker: Surviving Hollywood and Scientology,51.36
2026-06-08,The Widow,27.27
2026-06-07,The Widow,26.08
2026-06-06,The Widow,27.07
2026-06-05,The Widow,27.88
2026-06-04,The Widow,28.13
2026-06-03,The Widow,26.71
2026-06-02,The Widow,27.04
2026-06-08,"The Sleep Revolution: Transforming Your Life, One Night at a Time",11.08
2026-06-07,"The Sleep Revolution: Transforming Your Life, One Night at a Time",11.88
2026-06-06,"The Sleep Revolution: Transforming Your Life, One Night at a Time",12.71
2026-06-05,"The Sleep Revolution: Transforming Your Life, One Night at a Time",12.93
2026-06-04,"The Sleep Revolution: Transforming Your Life, One Night at a Time",13.57
2026-06-03,"The Sleep Revolution: Transforming Your Life, One Night at a Time",14.29
2026-06-02,"The Sleep Revolution: Transforming Your Life, One Night at a Time",15.55
2026-06-08,The Improbability of Love,58.95
2026-06-07,The Improbability of Love,60.38
2026-06-06,The Improbability of Love,61.26
2026-06-05,The Improbability of Love,60.83
2026-06-04,The Improbability of Love,60.09
2026-06-03,The Improbability of Love,61.39
2026-06-02,The Improbability of Love,60.95
2026-06-08,The Art of Startup Fundraising,21.72
2026-06-07,The Art of Startup Fundraising,23.1
2026-06-06,The Art of Startup Fundraising,22.78
2026-06-05,The Art of Startup Fundraising,23.12
2026-06-04,The Art of Startup Fundraising,23.08
2026-06-03,The Art of Startup Fundraising,24.52
2026-06-02,The Art of Startup Fundraising,24.36
2026-06-08,Take Me Home Tonight (Rock Star Romance #3),53.46
2026-06-07,Take Me Home Tonight (Rock Star Romance #3),53.61
2026-06-06,Take Me Home Tonight (Rock Star Romance #3),54.82
2026-06-05,Take Me Home Tonight (Rock Star Romance #3),54.93
2026-06-04,Take Me Home Tonight (Rock Star Romance #3),53.61
2026-06-03,Take Me Home Tonight (Rock Star Romance #3),53.87
2026-06-02,Take Me Home Tonight (Rock Star Romance #3),53.86
2026-06-08,Sleeping Giants (Themis Files #1),47.85
2026-06-07,Sleeping Giants (Themis Files #1),48.53
2026-06-06,Sleeping Giants (Themis Files #1),47.32
2026-06-05,Sleeping Giants (Themis Files #1),46.9
2026-06-04,Sleeping Giants (Themis Files #1),47.77
2026-06-03,Sleeping Giants (Themis Files #1),47.23
2026-06-02,Sleeping Giants (Themis Files #1),47.21
2026-06-08,"Setting the World on Fire: The Brief, Astonishing Life of St. Catherine of Siena",19.82
2026-06-07,"Setting the World on Fire: The Brief, Astonishing Life of St. Catherine of Siena",19.22
2026-06-06,"Setting the World on Fire: The Brief, Astonishing Life of St. Catherine of Siena",19.01
2026-06-05,"Setting the World on Fire: The Brief, Astonishing Life of St. Catherine of Siena",18.48
2026-06-04,"Setting the World on Fire: The Brief, Astonishing Life of St. Catherine of Siena",16.99
2026-06-03,"Setting the World on Fire: The Brief, Astonishing Life of St. Catherine of Siena",16.56
2026-06-02,"Setting the World on Fire: The Brief, Astonishing Life of St. Catherine of Siena",16.99
2026-06-08,Playing with Fire,12.75
2026-06-07,Playing with Fire,14.12
2026-06-06,Playing with Fire,13.98
2026-06-05,Playing with Fire,14.44
2026-06-04,Playing with Fire,14.21
2026-06-03,Playing with Fire,15.68
2026-06-02,Playing with Fire,16.81
2026-06-08,Off the Hook (Fishing for Trouble #1),46.29
2026-06-07,Off the Hook (Fishing for Trouble #1),46.47
2026-06-06,Off the Hook (Fishing for Trouble #1),46.01
2026-06-05,Off the Hook (Fishing for Trouble #1),46.69
2026-06-04,Off the Hook (Fishing for Trouble #1),45.79
2026-06-03,Off the Hook (Fishing for Trouble #1),46.27
2026-06-02,Off the Hook (Fishing for Trouble #1),47.77
2026-06-08,Mothering Sunday,12.82
2026-06-07,Mothering Sunday,13.53
2026-06-06,Mothering Sunday,12.63
2026-06-05,Mothering Sunday,11.62
2026-06-04,Mothering Sunday,10.15
2026-06-03,Mothering Sunday,11.3
2026-06-02,Mothering Sunday,10.5
2026-06-08,"Mother, Can You Not?",15.42
2026-06-07,"Mother, Can You Not?",16.03
2026-06-06,"Mother, Can You Not?",15.06
2026-06-05,"Mother, Can You Not?",15.23
2026-06-04,"Mother, Can You Not?",16.46
2026-06-03,"Mother, Can You Not?",16.31
2026-06-02,"Mother, Can You Not?",15.63
2026-06-08,M Train,26.68
2026-06-07,M Train,25.74
2026-06-06,M Train,26.07
2026-06-05,M Train,26.96
2026-06-04,M Train,27.06
2026-06-03,M Train,27.45
2026-06-02,M Train,26.04
2026-06-08,Lilac Girls,17.27
2026-06-07,Lilac Girls,18.72
2026-06-06,Lilac Girls,19.44
2026-06-05,Lilac Girls,19.49
2026-06-04,Lilac Girls,18.23
2026-06-03,Lilac Girls,19.22
2026-06-02,Lilac Girls,19.87
2026-06-08,Lies and Other Acts of Love,44.16
2026-06-07,Lies and Other Acts of Love,43.97
2026-06-06,Lies and Other Acts of Love,44.21
2026-06-05,Lies and Other Acts of Love,43.28
2026-06-04,Lies and Other Acts of Love,42.17
2026-06-03,Lies and Other Acts of Love,40.96
2026-06-02,Lies and Other Acts of Love,41.22
2026-06-08,Lab Girl,39.56
2026-06-07,Lab Girl,39.11
2026-06-06,Lab Girl,39.45
2026-06-05,Lab Girl,38.05
2026-06-04,Lab Girl,39.02
2026-06-03,Lab Girl,40.26
2026-06-02,Lab Girl,41.07
2026-06-08,Keep Me Posted,20.23
2026-06-07,Keep Me Posted,19.46
2026-06-06,Keep Me Posted,19.93
2026-06-05,Keep Me Posted,21.36
2026-06-04,Keep Me Posted,22.75
2026-06-03,Keep Me Posted,21.48
2026-06-02,Keep Me Posted,20.23
2026-06-08,It Didn't Start with You: How Inherited Family Trauma Shapes Who We Are and How to End the Cycle,55.55
2026-06-07,It Didn't Start with You: How Inherited Family Trauma Shapes Who We Are and How to End the Cycle,54.9
2026-06-06,It Didn't Start with You: How Inherited Family Trauma Shapes Who We Are and How to End the Cycle,56.16
2026-06-05,It Didn't Start with You: How Inherited Family Trauma Shapes Who We Are and How to End the Cycle,56.04
2026-06-04,It Didn't Start with You: How Inherited Family Trauma Shapes Who We Are and How to End the Cycle,55.95
2026-06-03,It Didn't Start with You: How Inherited Family Trauma Shapes Who We Are and How to End the Cycle,55.44
2026-06-02,It Didn't Start with You: How Inherited Family Trauma Shapes Who We Are and How to End the Cycle,56.36
2026-06-08,Grey (Fifty Shades #4),49.87
2026-06-07,Grey (Fifty Shades #4),48.53
2026-06-06,Grey (Fifty Shades #4),48.56
2026-06-05,Grey (Fifty Shades #4),48.52
2026-06-04,Grey (Fifty Shades #4),49.95
2026-06-03,Grey (Fifty Shades #4),48.65
2026-06-02,Grey (Fifty Shades #4),48.46
2026-06-08,"Exit, Pursued by a Bear",51.44
2026-06-07,"Exit, Pursued by a Bear",51.01
2026-06-06,"Exit, Pursued by a Bear",49.9
2026-06-05,"Exit, Pursued by a Bear",50.59
2026-06-04,"Exit, Pursued by a Bear",50.41
2026-06-03,"Exit, Pursued by a Bear",50.12
2026-06-02,"Exit, Pursued by a Bear",50.09
2026-06-08,Daredevils,15.02
2026-06-07,Daredevils,16.13
2026-06-06,Daredevils,14.76
2026-06-05,Daredevils,14.13
2026-06-04,Daredevils,14.17
2026-06-03,Daredevils,13.94
2026-06-02,Daredevils,12.82
2026-06-08,Cravings: Recipes for What You Want to Eat,21.03
2026-06-07,Cravings: Recipes for What You Want to Eat,21.4
2026-06-06,Cravings: Recipes for What You Want to Eat,22.05
2026-06-05,Cravings: Recipes for What You Want to Eat,22.36
2026-06-04,Cravings: Recipes for What You Want to Eat,21.58
2026-06-03,Cravings: Recipes for What You Want to Eat,21.09
2026-06-02,Cravings: Recipes for What You Want to Eat,21.42
2026-06-08,Born for This: How to Find the Work You Were Meant to Do,22.19
2026-06-07,Born for This: How to Find the Work You Were Meant to Do,23.47
2026-06-06,Born for This: How to Find the Work You Were Meant to Do,24.69
2026-06-05,Born for This: How to Find the Work You Were Meant to Do,26.05
2026-06-04,Born for This: How to Find the Work You Were Meant to Do,26.79
2026-06-03,Born for This: How to Find the Work You Were Meant to Do,27.75
2026-06-02,Born for This: How to Find the Work You Were Meant to Do,26.73
2026-06-08,Arena,22.14
2026-06-07,Arena,23.5
2026-06-06,Arena,23.34
2026-06-05,Arena,23.56
2026-06-04,Arena,24.29
2026-06-03,Arena,23.96
2026-06-02,Arena,22.9
2026-06-08,Adultery,21.06
2026-06-07,Adultery,20.84
2026-06-06,Adultery,21.25
2026-06-05,Adultery,20.0
2026-06-04,Adultery,20.23
2026-06-03,Adultery,20.42
2026-06-02,Adultery,21.79
2026-06-08,A Mother's Reckoning: Living in the Aftermath of Tragedy,19.84
2026-06-07,A Mother's Reckoning: Living in the Aftermath of Tragedy,20.62
2026-06-06,A Mother's Reckoning: Living in the Aftermath of Tragedy,20.97
2026-06-05,A Mother's Reckoning: Living in the Aftermath of Tragedy,20.45
2026-06-04,A Mother's Reckoning: Living in the Aftermath of Tragedy,21.78
2026-06-03,A Mother's Reckoning: Living in the Aftermath of Tragedy,22.0
2026-06-02,A Mother's Reckoning: Living in the Aftermath of Tragedy,21.52
2026-06-08,A Gentleman's Position (Society of Gentlemen #3),13.84
2026-06-07,A Gentleman's Position (Society of Gentlemen #3),14.29
2026-06-06,A Gentleman's Position (Society of Gentlemen #3),14.07
2026-06-05,A Gentleman's Position (Society of Gentlemen #3),13.61
2026-06-04,A Gentleman's Position (Society of Gentlemen #3),12.69
2026-06-03,A Gentleman's Position (Society of Gentlemen #3),12.73
2026-06-02,A Gentleman's Position (Society of Gentlemen #3),13.15
2026-06-08,11/22/63,48.15
2026-06-07,11/22/63,46.68
2026-06-06,11/22/63,46.13
2026-06-05,11/22/63,46.57
2026-06-04,11/22/63,45.15
2026-06-03,11/22/63,45.19
2026-06-02,11/22/63,46.59
2026-06-08,"10% Happier: How I Tamed the Voice in My Head, Reduced Stress Without Losing My Edge, and Found Self-Help That Actually Works",24.85
2026-06-07,"10% Happier: How I Tamed the Voice in My Head, Reduced Stress Without Losing My Edge, and Found Self-Help That Actually Works",26.02
2026-06-06,"10% Happier: How I Tamed the Voice in My Head, Reduced Stress Without Losing My Edge, and Found Self-Help That Actually Works",24.77
2026-06-05,"10% Happier: How I Tamed the Voice in My Head, Reduced Stress Without Losing My Edge, and Found Self-Help That Actually Works",25.71
2026-06-04,"10% Happier: How I Tamed the Voice in My Head, Reduced Stress Without Losing My Edge, and Found Self-Help That Actually Works",25.51
2026-06-03,"10% Happier: How I Tamed the Voice in My Head, Reduced Stress Without Losing My Edge, and Found Self-Help That Actually Works",24.54
2026-06-02,"10% Happier: How I Tamed the Voice in My Head, Reduced Stress Without Losing My Edge, and Found Self-Help That Actually Works",25.35
2026-06-08,10-Day Green Smoothie Cleanse: Lose Up to 15 Pounds in 10 Days!,50.57
2026-06-07,10-Day Green Smoothie Cleanse: Lose Up to 15 Pounds in 10 Days!,50.18
2026-06-06,10-Day Green Smoothie Cleanse: Lose Up to 15 Pounds in 10 Days!,50.93
2026-06-05,10-Day Green Smoothie Cleanse: Lose Up to 15 Pounds in 10 Days!,49.72
2026-06-04,10-Day Green Smoothie Cleanse: Lose Up to 15 Pounds in 10 Days!,49.04
2026-06-03,10-Day Green Smoothie Cleanse: Lose Up to 15 Pounds in 10 Days!,49.57
2026-06-02,10-Day Green Smoothie Cleanse: Lose Up to 15 Pounds in 10 Days!,50.02
2026-06-08,Without Shame,47.37
2026-06-07,Without Shame,48.07
2026-06-06,Without Shame,47.88
2026-06-05,Without Shame,48.35
2026-06-04,Without Shame,48.43
2026-06-03,Without Shame,49.58
2026-06-02,Without Shame,51.04
2026-06-08,Watchmen,57.77
2026-06-07,Watchmen,56.64
2026-06-06,Watchmen,55.63
2026-06-05,Watchmen,56.15
2026-06-04,Watchmen,55.58
2026-06-03,Watchmen,56.56
2026-06-02,Watchmen,56.75
2026-06-08,Unlimited Intuition Now,59.83
2026-06-07,Unlimited Intuition Now,58.74
2026-06-06,Unlimited Intuition Now,57.72
2026-06-05,Unlimited Intuition Now,57.89
2026-06-04,Unlimited Intuition Now,58.74
2026-06-03,Unlimited Intuition Now,59.04
2026-06-02,Unlimited Intuition Now,57.89
2026-06-08,Underlying Notes,10.86
2026-06-07,Underlying Notes,11.01
2026-06-06,Underlying Notes,11.02
2026-06-05,Underlying Notes,11.93
2026-06-04,Underlying Notes,12.32
2026-06-03,Underlying Notes,11.25
2026-06-02,Underlying Notes,12.58
2026-06-08,The Shack,27.18
2026-06-07,The Shack,26.47
2026-06-06,The Shack,27.8
2026-06-05,The Shack,27.4
2026-06-04,The Shack,26.96
2026-06-03,The Shack,27.08
2026-06-02,The Shack,26.48
2026-06-08,The New Brand You: Your New Image Makes the Sale for You,43.06
2026-06-07,The New Brand You: Your New Image Makes the Sale for You,42.86
2026-06-06,The New Brand You: Your New Image Makes the Sale for You,41.47
2026-06-05,The New Brand You: Your New Image Makes the Sale for You,42.76
2026-06-04,The New Brand You: Your New Image Makes the Sale for You,43.9
2026-06-03,The New Brand You: Your New Image Makes the Sale for You,45.11
2026-06-02,The New Brand You: Your New Image Makes the Sale for You,44.0
2026-06-08,"The Moosewood Cookbook: Recipes from Moosewood Restaurant, Ithaca, New York",11.55
2026-06-07,"The Moosewood Cookbook: Recipes from Moosewood Restaurant, Ithaca, New York",11.17
2026-06-06,"The Moosewood Cookbook: Recipes from Moosewood Restaurant, Ithaca, New York",12.0
2026-06-05,"The Moosewood Cookbook: Recipes from Moosewood Restaurant, Ithaca, New York",12.53
2026-06-04,"The Moosewood Cookbook: Recipes from Moosewood Restaurant, Ithaca, New York",12.32
2026-06-03,"The Moosewood Cookbook: Recipes from Moosewood Restaurant, Ithaca, New York",13.81
2026-06-02,"The Moosewood Cookbook: Recipes from Moosewood Restaurant, Ithaca, New York",13.68
2026-06-08,The Flowers Lied,16.03
2026-06-07,The Flowers Lied,15.03
2026-06-06,The Flowers Lied,15.79
2026-06-05,The Flowers Lied,15.3
2026-06-04,The Flowers Lied,14.21
2026-06-03,The Flowers Lied,13.16
2026-06-02,The Flowers Lied,13.1
2026-06-08,"The Fabric of the Cosmos: Space, Time, and the Texture of Reality",57.26
2026-06-07,"The Fabric of the Cosmos: Space, Time, and the Texture of Reality",57.69
2026-06-06,"The Fabric of the Cosmos: Space, Time, and the Texture of Reality",57.29
2026-06-05,"The Fabric of the Cosmos: Space, Time, and the Texture of Reality",56.27
2026-06-04,"The Fabric of the Cosmos: Space, Time, and the Texture of Reality",57.62
2026-06-03,"The Fabric of the Cosmos: Space, Time, and the Texture of Reality",56.43
2026-06-02,"The Fabric of the Cosmos: Space, Time, and the Texture of Reality",56.68
2026-06-08,The Book of Mormon,23.81
2026-06-07,The Book of Mormon,23.23
2026-06-06,The Book of Mormon,23.97
2026-06-05,The Book of Mormon,24.66
2026-06-04,The Book of Mormon,25.88
2026-06-03,The Book of Mormon,24.89
2026-06-02,The Book of Mormon,25.1
2026-06-08,The Art and Science of Low Carbohydrate Living,53.13
2026-06-07,The Art and Science of Low Carbohydrate Living,52.31
2026-06-06,The Art and Science of Low Carbohydrate Living,53.65
2026-06-05,The Art and Science of Low Carbohydrate Living,54.13
2026-06-04,The Art and Science of Low Carbohydrate Living,53.48
2026-06-03,The Art and Science of Low Carbohydrate Living,53.74
2026-06-02,The Art and Science of Low Carbohydrate Living,54.56
2026-06-08,The Alien Club,54.84
2026-06-07,The Alien Club,54.08
2026-06-06,The Alien Club,53.6
2026-06-05,The Alien Club,54.39
2026-06-04,The Alien Club,53.95
2026-06-03,The Alien Club,55.16
2026-06-02,The Alien Club,53.71
2026-06-08,Suzie Snowflake: One beautiful flake (a self-esteem story),54.6
2026-06-07,Suzie Snowflake: One beautiful flake (a self-esteem story),53.58
2026-06-06,Suzie Snowflake: One beautiful flake (a self-esteem story),54.32
2026-06-05,Suzie Snowflake: One beautiful flake (a self-esteem story),53.9
2026-06-04,Suzie Snowflake: One beautiful flake (a self-esteem story),53.86
2026-06-03,Suzie Snowflake: One beautiful flake (a self-esteem story),55.12
2026-06-02,Suzie Snowflake: One beautiful flake (a self-esteem story),55.75
2026-06-08,Nap-a-Roo,23.95
2026-06-07,Nap-a-Roo,23.79
2026-06-06,Nap-a-Roo,22.53
2026-06-05,Nap-a-Roo,22.28
2026-06-04,Nap-a-Roo,21.96
2026-06-03,Nap-a-Roo,21.55
2026-06-02,Nap-a-Roo,21.15
2026-06-08,"NaNo What Now? Finding your editing process, revising your NaNoWriMo book and building a writing career through publishing and beyond",10.85
2026-06-07,"NaNo What Now? Finding your editing process, revising your NaNoWriMo book and building a writing career through publishing and beyond",10.17
2026-06-06,"NaNo What Now? Finding your editing process, revising your NaNoWriMo book and building a writing career through publishing and beyond",10.1
2026-06-05,"NaNo What Now? Finding your editing process, revising your NaNoWriMo book and building a writing career through publishing and beyond",10.57
2026-06-04,"NaNo What Now? Finding your editing process, revising your NaNoWriMo book and building a writing career through publishing and beyond",10.7
2026-06-03,"NaNo What Now? Finding your editing process, revising your NaNoWriMo book and building a writing career through publishing and beyond",10.36
2026-06-02,"NaNo What Now? Finding your editing process, revising your NaNoWriMo book and building a writing career through publishing and beyond",10.94
2026-06-08,Modern Day Fables,47.38
2026-06-07,Modern Day Fables,46.02
2026-06-06,Modern Day Fables,45.07
2026-06-05,Modern Day Fables,45.32
2026-06-04,Modern Day Fables,45.52
2026-06-03,Modern Day Fables,44.16
2026-06-02,Modern Day Fables,44.36
2026-06-08,If I Gave You God's Phone Number....: Searching for Spirituality in America,19.5
2026-06-07,If I Gave You God's Phone Number....: Searching for Spirituality in America,18.31
2026-06-06,If I Gave You God's Phone Number....: Searching for Spirituality in America,17.07
2026-06-05,If I Gave You God's Phone Number....: Searching for Spirituality in America,18.09
2026-06-04,If I Gave You God's Phone Number....: Searching for Spirituality in America,19.43
2026-06-03,If I Gave You God's Phone Number....: Searching for Spirituality in America,20.56
2026-06-02,If I Gave You God's Phone Number....: Searching for Spirituality in America,19.08
2026-06-08,"Fruits Basket, Vol. 9 (Fruits Basket #9)",34.86
2026-06-07,"Fruits Basket, Vol. 9 (Fruits Basket #9)",35.91
2026-06-06,"Fruits Basket, Vol. 9 (Fruits Basket #9)",34.81
2026-06-05,"Fruits Basket, Vol. 9 (Fruits Basket #9)",35.08
2026-06-04,"Fruits Basket, Vol. 9 (Fruits Basket #9)",35.1
2026-06-03,"Fruits Basket, Vol. 9 (Fruits Basket #9)",34.54
2026-06-02,"Fruits Basket, Vol. 9 (Fruits Basket #9)",33.59
2026-06-08,Dress Your Family in Corduroy and Denim,42.33
2026-06-07,Dress Your Family in Corduroy and Denim,43.66
2026-06-06,Dress Your Family in Corduroy and Denim,44.65
2026-06-05,Dress Your Family in Corduroy and Denim,45.1
2026-06-04,Dress Your Family in Corduroy and Denim,44.49
2026-06-03,Dress Your Family in Corduroy and Denim,44.29
2026-06-02,Dress Your Family in Corduroy and Denim,44.53
2026-06-08,Don't Forget Steven,33.61
2026-06-07,Don't Forget Steven,34.28
2026-06-06,Don't Forget Steven,33.1
2026-06-05,Don't Forget Steven,32.04
2026-06-04,Don't Forget Steven,32.93
2026-06-03,Don't Forget Steven,32.67
2026-06-02,Don't Forget Steven,33.72
2026-06-08,Chernobyl 01:23:40: The Incredible True Story of the World's Worst Nuclear Disaster,36.26
2026-06-07,Chernobyl 01:23:40: The Incredible True Story of the World's Worst Nuclear Disaster,36.06
2026-06-06,Chernobyl 01:23:40: The Incredible True Story of the World's Worst Nuclear Disaster,35.92
2026-06-05,Chernobyl 01:23:40: The Incredible True Story of the World's Worst Nuclear Disaster,35.48
2026-06-04,Chernobyl 01:23:40: The Incredible True Story of the World's Worst Nuclear Disaster,35.67
2026-06-03,Chernobyl 01:23:40: The Incredible True Story of the World's Worst Nuclear Disaster,34.99
2026-06-02,Chernobyl 01:23:40: The Incredible True Story of the World's Worst Nuclear Disaster,33.87
2026-06-08,Art and Fear: Observations on the Perils (and Rewards) of Artmaking,47.38
2026-06-07,Art and Fear: Observations on the Perils (and Rewards) of Artmaking,47.4
2026-06-06,Art and Fear: Observations on the Perils (and Rewards) of Artmaking,48.5
2026-06-05,Art and Fear: Observations on the Perils (and Rewards) of Artmaking,49.4
2026-06-04,Art and Fear: Observations on the Perils (and Rewards) of Artmaking,50.24
2026-06-03,Art and Fear: Observations on the Perils (and Rewards) of Artmaking,48.88
2026-06-02,Art and Fear: Observations on the Perils (and Rewards) of Artmaking,47.89
2026-06-08,A Shard of Ice (The Black Symphony Saga #1),55.96
2026-06-07,A Shard of Ice (The Black Symphony Saga #1),56.55
2026-06-06,A Shard of Ice (The Black Symphony Saga #1),57.59
2026-06-05,A Shard of Ice (The Black Symphony Saga #1),58.87
2026-06-04,A Shard of Ice (The Black Symphony Saga #1),58.72
2026-06-03,A Shard of Ice (The Black Symphony Saga #1),57.93
2026-06-02,A Shard of Ice (The Black Symphony Saga #1),59.12
2026-06-08,A Hero's Curse (The Unseen Chronicles #1),50.28
2026-06-07,A Hero's Curse (The Unseen Chronicles #1),50.93
2026-06-06,A Hero's Curse (The Unseen Chronicles #1),49.69
2026-06-05,A Hero's Curse (The Unseen Chronicles #1),48.67
2026-06-04,A Hero's Curse (The Unseen Chronicles #1),48.0
2026-06-03,A Hero's Curse (The Unseen Chronicles #1),47.62
2026-06-02,A Hero's Curse (The Unseen Chronicles #1),47.81
2026-06-08,23 Degrees South: A Tropical Tale of Changing Whether...,35.79
2026-06-07,23 Degrees South: A Tropical Tale of Changing Whether...,36.52
2026-06-06,23 Degrees South: A Tropical Tale of Changing Whether...,36.27
2026-06-05,23 Degrees South: A Tropical Tale of Changing Whether...,35.24
2026-06-04,23 Degrees South: A Tropical Tale of Changing Whether...,35.24
2026-06-03,23 Degrees South: A Tropical Tale of Changing Whether...,36.15
2026-06-02,23 Degrees South: A Tropical Tale of Changing Whether...,36.96
2026-06-08,"Zero to One: Notes on Startups, or How to Build the Future",33.78
2026-06-07,"Zero to One: Notes on Startups, or How to Build the Future",32.98
2026-06-06,"Zero to One: Notes on Startups, or How to Build the Future",34.27
2026-06-05,"Zero to One: Notes on Startups, or How to Build the Future",33.11
2026-06-04,"Zero to One: Notes on Startups, or How to Build the Future",32.68
2026-06-03,"Zero to One: Notes on Startups, or How to Build the Future",31.32
2026-06-02,"Zero to One: Notes on Startups, or How to Build the Future",30.68
2026-06-08,Why Not Me?,17.78
2026-06-07,Why Not Me?,18.47
2026-06-06,Why Not Me?,17.95
2026-06-05,Why Not Me?,17.55
2026-06-04,Why Not Me?,17.04
2026-06-03,Why Not Me?,18.47
2026-06-02,Why Not Me?,18.09
2026-06-08,When Breath Becomes Air,39.2
2026-06-07,When Breath Becomes Air,39.48
2026-06-06,When Breath Becomes Air,39.7
2026-06-05,When Breath Becomes Air,39.61
2026-06-04,When Breath Becomes Air,40.61
2026-06-03,When Breath Becomes Air,42.03
2026-06-02,When Breath Becomes Air,40.96
2026-06-08,Vagabonding: An Uncommon Guide to the Art of Long-Term World Travel,36.95
2026-06-07,Vagabonding: An Uncommon Guide to the Art of Long-Term World Travel,36.4
2026-06-06,Vagabonding: An Uncommon Guide to the Art of Long-Term World Travel,35.32
2026-06-05,Vagabonding: An Uncommon Guide to the Art of Long-Term World Travel,36.48
2026-06-04,Vagabonding: An Uncommon Guide to the Art of Long-Term World Travel,35.4
2026-06-03,Vagabonding: An Uncommon Guide to the Art of Long-Term World Travel,34.21
2026-06-02,Vagabonding: An Uncommon Guide to the Art of Long-Term World Travel,34.79
2026-06-08,The Unlikely Pilgrimage of Harold Fry (Harold Fry #1),42.25
2026-06-07,The Unlikely Pilgrimage of Harold Fry (Harold Fry #1),43.34
2026-06-06,The Unlikely Pilgrimage of Harold Fry (Harold Fry #1),42.04
2026-06-05,The Unlikely Pilgrimage of Harold Fry (Harold Fry #1),43.5
2026-06-04,The Unlikely Pilgrimage of Harold Fry (Harold Fry #1),44.88
2026-06-03,The Unlikely Pilgrimage of Harold Fry (Harold Fry #1),45.7
2026-06-02,The Unlikely Pilgrimage of Harold Fry (Harold Fry #1),45.43
2026-06-08,The New Drawing on the Right Side of the Brain,41.88
2026-06-07,The New Drawing on the Right Side of the Brain,41.35
2026-06-06,The New Drawing on the Right Side of the Brain,41.09
2026-06-05,The New Drawing on the Right Side of the Brain,40.8
2026-06-04,The New Drawing on the Right Side of the Brain,41.93
2026-06-03,The New Drawing on the Right Side of the Brain,41.93
2026-06-02,The New Drawing on the Right Side of the Brain,40.53
2026-06-08,"The Midnight Assassin: Panic, Scandal, and the Hunt for America's First Serial Killer",29.63
2026-06-07,"The Midnight Assassin: Panic, Scandal, and the Hunt for America's First Serial Killer",30.08
2026-06-06,"The Midnight Assassin: Panic, Scandal, and the Hunt for America's First Serial Killer",29.78
2026-06-05,"The Midnight Assassin: Panic, Scandal, and the Hunt for America's First Serial Killer",29.27
2026-06-04,"The Midnight Assassin: Panic, Scandal, and the Hunt for America's First Serial Killer",28.48
2026-06-03,"The Midnight Assassin: Panic, Scandal, and the Hunt for America's First Serial Killer",28.93
2026-06-02,"The Midnight Assassin: Panic, Scandal, and the Hunt for America's First Serial Killer",29.4
2026-06-08,The Martian (The Martian #1),41.21
2026-06-07,The Martian (The Martian #1),40.85
2026-06-06,The Martian (The Martian #1),39.43
2026-06-05,The Martian (The Martian #1),39.23
2026-06-04,The Martian (The Martian #1),39.44
2026-06-03,The Martian (The Martian #1),39.03
2026-06-02,The Martian (The Martian #1),38.99
2026-06-08,The High Mountains of Portugal,51.15
2026-06-07,The High Mountains of Portugal,51.0
2026-06-06,The High Mountains of Portugal,50.16
2026-06-05,The High Mountains of Portugal,48.82
2026-06-04,The High Mountains of Portugal,47.53
2026-06-03,The High Mountains of Portugal,46.81
2026-06-02,The High Mountains of Portugal,46.63
2026-06-08,The Grownup,36.54
2026-06-07,The Grownup,37.57
2026-06-06,The Grownup,36.72
2026-06-05,The Grownup,35.73
2026-06-04,The Grownup,36.1
2026-06-03,The Grownup,37.18
2026-06-02,The Grownup,35.94
2026-06-08,The E-Myth Revisited: Why Most Small Businesses Don't Work and What to Do About It,35.8
2026-06-07,The E-Myth Revisited: Why Most Small Businesses Don't Work and What to Do About It,36.94
2026-06-06,The E-Myth Revisited: Why Most Small Businesses Don't Work and What to Do About It,36.15
2026-06-05,The E-Myth Revisited: Why Most Small Businesses Don't Work and What to Do About It,34.92
2026-06-04,The E-Myth Revisited: Why Most Small Businesses Don't Work and What to Do About It,35.4
2026-06-03,The E-Myth Revisited: Why Most Small Businesses Don't Work and What to Do About It,34.12
2026-06-02,The E-Myth Revisited: Why Most Small Businesses Don't Work and What to Do About It,34.77
2026-06-08,South of Sunshine,27.44
2026-06-07,South of Sunshine,28.48
2026-06-06,South of Sunshine,29.48
2026-06-05,South of Sunshine,29.88
2026-06-04,South of Sunshine,30.93
2026-06-03,South of Sunshine,30.19
2026-06-02,South of Sunshine,29.53
2026-06-08,Smarter Faster Better: The Secrets of Being Productive in Life and Business,37.47
2026-06-07,Smarter Faster Better: The Secrets of Being Productive in Life and Business,37.84
2026-06-06,Smarter Faster Better: The Secrets of Being Productive in Life and Business,36.8
2026-06-05,Smarter Faster Better: The Secrets of Being Productive in Life and Business,37.73
2026-06-04,Smarter Faster Better: The Secrets of Being Productive in Life and Business,38.56
2026-06-03,Smarter Faster Better: The Secrets of Being Productive in Life and Business,39.35
2026-06-02,Smarter Faster Better: The Secrets of Being Productive in Life and Business,39.77
2026-06-08,Silence in the Dark (Logan Point #4),59.66
2026-06-07,Silence in the Dark (Logan Point #4),60.9
2026-06-06,Silence in the Dark (Logan Point #4),61.6
2026-06-05,Silence in the Dark (Logan Point #4),60.46
2026-06-04,Silence in the Dark (Logan Point #4),59.73
2026-06-03,Silence in the Dark (Logan Point #4),58.31
2026-06-02,Silence in the Dark (Logan Point #4),58.92
2026-06-08,Shadows of the Past (Logan Point #1),38.69
2026-06-07,Shadows of the Past (Logan Point #1),37.2
2026-06-06,Shadows of the Past (Logan Point #1),38.14
2026-06-05,Shadows of the Past (Logan Point #1),39.28
2026-06-04,Shadows of the Past (Logan Point #1),40.54
2026-06-03,Shadows of the Past (Logan Point #1),41.22
2026-06-02,Shadows of the Past (Logan Point #1),41.15
2026-06-08,Roller Girl,14.14
2026-06-07,Roller Girl,14.76
2026-06-06,Roller Girl,15.16
2026-06-05,Roller Girl,14.48
2026-06-04,Roller Girl,12.98
2026-06-03,Roller Girl,12.13
2026-06-02,Roller Girl,11.96
2026-06-08,Rising Strong,22.94
2026-06-07,Rising Strong,21.53
2026-06-06,Rising Strong,20.59
2026-06-05,Rising Strong,20.75
2026-06-04,Rising Strong,21.28
2026-06-03,Rising Strong,20.48
2026-06-02,Rising Strong,20.39
2026-06-08,Proofs of God: Classical Arguments from Tertullian to Barth,53.46
2026-06-07,Proofs of God: Classical Arguments from Tertullian to Barth,52.52
2026-06-06,Proofs of God: Classical Arguments from Tertullian to Barth,52.76
2026-06-05,Proofs of God: Classical Arguments from Tertullian to Barth,52.74
2026-06-04,Proofs of God: Classical Arguments from Tertullian to Barth,52.08
2026-06-03,Proofs of God: Classical Arguments from Tertullian to Barth,51.11
2026-06-02,Proofs of God: Classical Arguments from Tertullian to Barth,49.8
2026-06-08,Please Kill Me: The Uncensored Oral History of Punk,31.27
2026-06-07,Please Kill Me: The Uncensored Oral History of Punk,32.42
2026-06-06,Please Kill Me: The Uncensored Oral History of Punk,32.87
2026-06-05,Please Kill Me: The Uncensored Oral History of Punk,33.95
2026-06-04,Please Kill Me: The Uncensored Oral History of Punk,35.29
2026-06-03,Please Kill Me: The Uncensored Oral History of Punk,35.84
2026-06-02,Please Kill Me: The Uncensored Oral History of Punk,37.23
2026-06-08,Out of Print: City Lights Spotlight No. 14,55.1
2026-06-07,Out of Print: City Lights Spotlight No. 14,56.44
2026-06-06,Out of Print: City Lights Spotlight No. 14,56.42
2026-06-05,Out of Print: City Lights Spotlight No. 14,56.32
2026-06-04,Out of Print: City Lights Spotlight No. 14,56.51
2026-06-03,Out of Print: City Lights Spotlight No. 14,55.39
2026-06-02,Out of Print: City Lights Spotlight No. 14,56.46
2026-06-08,My Life Next Door (My Life Next Door ),37.35
2026-06-07,My Life Next Door (My Life Next Door ),37.51
2026-06-06,My Life Next Door (My Life Next Door ),37.43
2026-06-05,My Life Next Door (My Life Next Door ),36.78
2026-06-04,My Life Next Door (My Life Next Door ),37.18
2026-06-03,My Life Next Door (My Life Next Door ),37.4
2026-06-02,My Life Next Door (My Life Next Door ),36.43
2026-06-08,Miller's Valley,58.59
2026-06-07,Miller's Valley,60.02
2026-06-06,Miller's Valley,59.28
2026-06-05,Miller's Valley,60.57
2026-06-04,Miller's Valley,61.01
2026-06-03,Miller's Valley,61.91
2026-06-02,Miller's Valley,61.19
2026-06-08,Man's Search for Meaning,27.99
2026-06-07,Man's Search for Meaning,27.55
2026-06-06,Man's Search for Meaning,28.6
2026-06-05,Man's Search for Meaning,30.06
2026-06-04,Man's Search for Meaning,29.21
2026-06-03,Man's Search for Meaning,30.58
2026-06-02,Man's Search for Meaning,29.93
2026-06-08,"Love That Boy: What Two Presidents, Eight Road Trips, and My Son Taught Me About a Parent's Expectations",25.19
2026-06-07,"Love That Boy: What Two Presidents, Eight Road Trips, and My Son Taught Me About a Parent's Expectations",25.53
2026-06-06,"Love That Boy: What Two Presidents, Eight Road Trips, and My Son Taught Me About a Parent's Expectations",26.74
2026-06-05,"Love That Boy: What Two Presidents, Eight Road Trips, and My Son Taught Me About a Parent's Expectations",25.54
2026-06-04,"Love That Boy: What Two Presidents, Eight Road Trips, and My Son Taught Me About a Parent's Expectations",25.28
2026-06-03,"Love That Boy: What Two Presidents, Eight Road Trips, and My Son Taught Me About a Parent's Expectations",24.84
2026-06-02,"Love That Boy: What Two Presidents, Eight Road Trips, and My Son Taught Me About a Parent's Expectations",24.02
2026-06-08,Living Forward: A Proven Plan to Stop Drifting and Get the Life You Want,12.31
2026-06-07,Living Forward: A Proven Plan to Stop Drifting and Get the Life You Want,12.76
2026-06-06,Living Forward: A Proven Plan to Stop Drifting and Get the Life You Want,11.82
2026-06-05,Living Forward: A Proven Plan to Stop Drifting and Get the Life You Want,11.59
2026-06-04,Living Forward: A Proven Plan to Stop Drifting and Get the Life You Want,10.54
2026-06-03,Living Forward: A Proven Plan to Stop Drifting and Get the Life You Want,10.46
2026-06-02,Living Forward: A Proven Plan to Stop Drifting and Get the Life You Want,11.08
2026-06-08,Les Fleurs du Mal,30.0
2026-06-07,Les Fleurs du Mal,31.08
2026-06-06,Les Fleurs du Mal,32.4
2026-06-05,Les Fleurs du Mal,32.43
2026-06-04,Les Fleurs du Mal,32.08
2026-06-03,Les Fleurs du Mal,30.81
2026-06-02,Les Fleurs du Mal,30.26
2026-06-08,Left Behind (Left Behind #1),41.75
2026-06-07,Left Behind (Left Behind #1),42.7
2026-06-06,Left Behind (Left Behind #1),43.73
2026-06-05,Left Behind (Left Behind #1),42.77
2026-06-04,Left Behind (Left Behind #1),43.49
2026-06-03,Left Behind (Left Behind #1),44.96
2026-06-02,Left Behind (Left Behind #1),44.14
2026-06-08,Kill 'Em and Leave: Searching for James Brown and the American Soul,44.07
2026-06-07,Kill 'Em and Leave: Searching for James Brown and the American Soul,43.05
2026-06-06,Kill 'Em and Leave: Searching for James Brown and the American Soul,41.91
2026-06-05,Kill 'Em and Leave: Searching for James Brown and the American Soul,41.9
2026-06-04,Kill 'Em and Leave: Searching for James Brown and the American Soul,41.93
2026-06-03,Kill 'Em and Leave: Searching for James Brown and the American Soul,42.37
2026-06-02,Kill 'Em and Leave: Searching for James Brown and the American Soul,42.1
2026-06-08,Kierkegaard: A Christian Missionary to Christians,47.79
2026-06-07,Kierkegaard: A Christian Missionary to Christians,46.82
2026-06-06,Kierkegaard: A Christian Missionary to Christians,47.03
2026-06-05,Kierkegaard: A Christian Missionary to Christians,46.07
2026-06-04,Kierkegaard: A Christian Missionary to Christians,45.47
2026-06-03,Kierkegaard: A Christian Missionary to Christians,45.33
2026-06-02,Kierkegaard: A Christian Missionary to Christians,46.4
2026-06-08,John Vassos: Industrial Design for Modern Life,19.59
2026-06-07,John Vassos: Industrial Design for Modern Life,19.67
2026-06-06,John Vassos: Industrial Design for Modern Life,19.59
2026-06-05,John Vassos: Industrial Design for Modern Life,19.22
2026-06-04,John Vassos: Industrial Design for Modern Life,20.01
2026-06-03,John Vassos: Industrial Design for Modern Life,19.29
2026-06-02,John Vassos: Industrial Design for Modern Life,19.78
2026-06-08,I'll Give You the Sun,55.47
2026-06-07,I'll Give You the Sun,56.95
2026-06-06,I'll Give You the Sun,56.08
2026-06-05,I'll Give You the Sun,55.52
2026-06-04,I'll Give You the Sun,55.63
2026-06-03,I'll Give You the Sun,56.74
2026-06-02,I'll Give You the Sun,56.99
2026-06-08,I Will Find You,45.31
2026-06-07,I Will Find You,46.51
2026-06-06,I Will Find You,45.44
2026-06-05,I Will Find You,46.22
2026-06-04,I Will Find You,45.53
2026-06-03,I Will Find You,46.11
2026-06-02,I Will Find You,45.85
2026-06-08,Hystopia: A Novel,22.82
2026-06-07,Hystopia: A Novel,24.3
2026-06-06,Hystopia: A Novel,23.66
2026-06-05,Hystopia: A Novel,24.79
2026-06-04,Hystopia: A Novel,24.12
2026-06-03,Hystopia: A Novel,23.81
2026-06-02,Hystopia: A Novel,24.08
2026-06-08,Howl and Other Poems,39.78
2026-06-07,Howl and Other Poems,41.22
2026-06-06,Howl and Other Poems,42.15
2026-06-05,Howl and Other Poems,41.22
2026-06-04,Howl and Other Poems,40.86
2026-06-03,Howl and Other Poems,40.18
2026-06-02,Howl and Other Poems,40.5
2026-06-08,History of Beauty,10.28
2026-06-07,History of Beauty,10.15
2026-06-06,History of Beauty,11.61
2026-06-05,History of Beauty,11.6
2026-06-04,History of Beauty,13.09
2026-06-03,History of Beauty,12.31
2026-06-02,History of Beauty,11.3
2026-06-08,Heaven is for Real: A Little Boy's Astounding Story of His Trip to Heaven and Back,52.31
2026-06-07,Heaven is for Real: A Little Boy's Astounding Story of His Trip to Heaven and Back,51.75
2026-06-06,Heaven is for Real: A Little Boy's Astounding Story of His Trip to Heaven and Back,50.63
2026-06-05,Heaven is for Real: A Little Boy's Astounding Story of His Trip to Heaven and Back,49.8
2026-06-04,Heaven is for Real: A Little Boy's Astounding Story of His Trip to Heaven and Back,50.41
2026-06-03,Heaven is for Real: A Little Boy's Astounding Story of His Trip to Heaven and Back,49.07
2026-06-02,Heaven is for Real: A Little Boy's Astounding Story of His Trip to Heaven and Back,49.63
2026-06-08,Future Shock (Future Shock #1),55.06
2026-06-07,Future Shock (Future Shock #1),55.4
2026-06-06,Future Shock (Future Shock #1),56.7
2026-06-05,Future Shock (Future Shock #1),55.89
2026-06-04,Future Shock (Future Shock #1),55.81
2026-06-03,Future Shock (Future Shock #1),55.48
2026-06-02,Future Shock (Future Shock #1),54.43
2026-06-08,Ender's Game (The Ender Quintet #1),42.76
2026-06-07,Ender's Game (The Ender Quintet #1),44.17
2026-06-06,Ender's Game (The Ender Quintet #1),45.34
2026-06-05,Ender's Game (The Ender Quintet #1),45.34
2026-06-04,Ender's Game (The Ender Quintet #1),44.33
2026-06-03,Ender's Game (The Ender Quintet #1),43.41
2026-06-02,Ender's Game (The Ender Quintet #1),43.84
2026-06-08,Diary of a Citizen Scientist: Chasing Tiger Beetles and Other New Ways of Engaging the World,28.57
2026-06-07,Diary of a Citizen Scientist: Chasing Tiger Beetles and Other New Ways of Engaging the World,29.13
2026-06-06,Diary of a Citizen Scientist: Chasing Tiger Beetles and Other New Ways of Engaging the World,30.1
2026-06-05,Diary of a Citizen Scientist: Chasing Tiger Beetles and Other New Ways of Engaging the World,30.21
2026-06-04,Diary of a Citizen Scientist: Chasing Tiger Beetles and Other New Ways of Engaging the World,30.28
2026-06-03,Diary of a Citizen Scientist: Chasing Tiger Beetles and Other New Ways of Engaging the World,30.58
2026-06-02,Diary of a Citizen Scientist: Chasing Tiger Beetles and Other New Ways of Engaging the World,29.24
2026-06-08,Death by Leisure: A Cautionary Tale,38.46
2026-06-07,Death by Leisure: A Cautionary Tale,37.72
2026-06-06,Death by Leisure: A Cautionary Tale,36.56
2026-06-05,Death by Leisure: A Cautionary Tale,36.3
2026-06-04,Death by Leisure: A Cautionary Tale,37.21
2026-06-03,Death by Leisure: A Cautionary Tale,36.83
2026-06-02,Death by Leisure: A Cautionary Tale,38.16
2026-06-08,Brilliant Beacons: A History of the American Lighthouse,10.31
2026-06-07,Brilliant Beacons: A History of the American Lighthouse,10.05
2026-06-06,Brilliant Beacons: A History of the American Lighthouse,9.37
2026-06-05,Brilliant Beacons: A History of the American Lighthouse,9.87
2026-06-04,Brilliant Beacons: A History of the American Lighthouse,9.13
2026-06-03,Brilliant Beacons: A History of the American Lighthouse,10.07
2026-06-02,Brilliant Beacons: A History of the American Lighthouse,8.78
2026-06-08,Brazen: The Courage to Find the You That's Been Hiding,17.88
2026-06-07,Brazen: The Courage to Find the You That's Been Hiding,18.86
2026-06-06,Brazen: The Courage to Find the You That's Been Hiding,19.49
2026-06-05,Brazen: The Courage to Find the You That's Been Hiding,19.15
2026-06-04,Brazen: The Courage to Find the You That's Been Hiding,18.98
2026-06-03,Brazen: The Courage to Find the You That's Been Hiding,20.05
2026-06-02,Brazen: The Courage to Find the You That's Been Hiding,21.47
2026-06-08,Between the World and Me,58.05
2026-06-07,Between the World and Me,58.9
2026-06-06,Between the World and Me,59.07
2026-06-05,Between the World and Me,57.84
2026-06-04,Between the World and Me,57.64
2026-06-03,Between the World and Me,59.0
2026-06-02,Between the World and Me,59.14
2026-06-08,Being Mortal: Medicine and What Matters in the End,54.48
2026-06-07,Being Mortal: Medicine and What Matters in the End,55.41
2026-06-06,Being Mortal: Medicine and What Matters in the End,56.05
2026-06-05,Being Mortal: Medicine and What Matters in the End,55.9
2026-06-04,Being Mortal: Medicine and What Matters in the End,55.95
2026-06-03,Being Mortal: Medicine and What Matters in the End,56.65
2026-06-02,Being Mortal: Medicine and What Matters in the End,56.68
2026-06-08,"A Murder Over a Girl: Justice, Gender, Junior High",13.19
2026-06-07,"A Murder Over a Girl: Justice, Gender, Junior High",12.28
2026-06-06,"A Murder Over a Girl: Justice, Gender, Junior High",11.14
2026-06-05,"A Murder Over a Girl: Justice, Gender, Junior High",11.03
2026-06-04,"A Murder Over a Girl: Justice, Gender, Junior High",10.65
2026-06-03,"A Murder Over a Girl: Justice, Gender, Junior High",9.33
2026-06-02,"A Murder Over a Girl: Justice, Gender, Junior High",9.65
2026-06-08,32 Yolks,53.18
2026-06-07,32 Yolks,53.26
2026-06-06,32 Yolks,53.55
2026-06-05,32 Yolks,53.04
2026-06-04,32 Yolks,52.62
2026-06-03,32 Yolks,53.52
2026-06-02,32 Yolks,52.28
2026-06-08,"""Most Blessed of the Patriarchs"": Thomas Jefferson and the Empire of the Imagination",43.96
2026-06-07,"""Most Blessed of the Patriarchs"": Thomas Jefferson and the Empire of the Imagination",45.03
2026-06-06,"""Most Blessed of the Patriarchs"": Thomas Jefferson and the Empire of the Imagination",44.62
2026-06-05,"""Most Blessed of the Patriarchs"": Thomas Jefferson and the Empire of the Imagination",45.33
2026-06-04,"""Most Blessed of the Patriarchs"": Thomas Jefferson and the Empire of the Imagination",44.3
2026-06-03,"""Most Blessed of the Patriarchs"": Thomas Jefferson and the Empire of the Imagination",43.3
2026-06-02,"""Most Blessed of the Patriarchs"": Thomas Jefferson and the Empire of the Imagination",42.84
2026-06-08,You Are a Badass: How to Stop Doubting Your Greatness and Start Living an Awesome Life,11.94
2026-06-07,You Are a Badass: How to Stop Doubting Your Greatness and Start Living an Awesome Life,13.04
2026-06-06,You Are a Badass: How to Stop Doubting Your Greatness and Start Living an Awesome Life,12.17
2026-06-05,You Are a Badass: How to Stop Doubting Your Greatness and Start Living an Awesome Life,12.99
2026-06-04,You Are a Badass: How to Stop Doubting Your Greatness and Start Living an Awesome Life,13.74
2026-06-03,You Are a Badass: How to Stop Doubting Your Greatness and Start Living an Awesome Life,13.63
2026-06-02,You Are a Badass: How to Stop Doubting Your Greatness and Start Living an Awesome Life,13.68
2026-06-08,Wildlife of New York: A Five-Borough Coloring Book,22.68
2026-06-07,Wildlife of New York: A Five-Borough Coloring Book,23.25
2026-06-06,Wildlife of New York: A Five-Borough Coloring Book,24.75
2026-06-05,Wildlife of New York: A Five-Borough Coloring Book,23.66
2026-06-04,Wildlife of New York: A Five-Borough Coloring Book,24.95
2026-06-03,Wildlife of New York: A Five-Borough Coloring Book,25.83
2026-06-02,Wildlife of New York: A Five-Borough Coloring Book,26.25
2026-06-08,What Happened on Beale Street (Secrets of the South Mysteries #2),25.05
2026-06-07,What Happened on Beale Street (Secrets of the South Mysteries #2),24.67
2026-06-06,What Happened on Beale Street (Secrets of the South Mysteries #2),25.39
2026-06-05,What Happened on Beale Street (Secrets of the South Mysteries #2),25.25
2026-06-04,What Happened on Beale Street (Secrets of the South Mysteries #2),25.37
2026-06-03,What Happened on Beale Street (Secrets of the South Mysteries #2),26.58
2026-06-02,What Happened on Beale Street (Secrets of the South Mysteries #2),25.13
2026-06-08,Unreasonable Hope: Finding Faith in the God Who Brings Purpose to Your Pain,46.27
2026-06-07,Unreasonable Hope: Finding Faith in the God Who Brings Purpose to Your Pain,46.7
2026-06-06,Unreasonable Hope: Finding Faith in the God Who Brings Purpose to Your Pain,45.85
2026-06-05,Unreasonable Hope: Finding Faith in the God Who Brings Purpose to Your Pain,46.05
2026-06-04,Unreasonable Hope: Finding Faith in the God Who Brings Purpose to Your Pain,46.7
2026-06-03,Unreasonable Hope: Finding Faith in the God Who Brings Purpose to Your Pain,47.57
2026-06-02,Unreasonable Hope: Finding Faith in the God Who Brings Purpose to Your Pain,48.5
2026-06-08,Under the Tuscan Sun,37.46
2026-06-07,Under the Tuscan Sun,38.47
2026-06-06,Under the Tuscan Sun,38.98
2026-06-05,Under the Tuscan Sun,40.48
2026-06-04,Under the Tuscan Sun,40.95
2026-06-03,Under the Tuscan Sun,40.62
2026-06-02,Under the Tuscan Sun,39.18
2026-06-08,Toddlers Are A**holes: It's Not Your Fault,26.2
2026-06-07,Toddlers Are A**holes: It's Not Your Fault,25.62
2026-06-06,Toddlers Are A**holes: It's Not Your Fault,25.09
2026-06-05,Toddlers Are A**holes: It's Not Your Fault,26.03
2026-06-04,Toddlers Are A**holes: It's Not Your Fault,27.35
2026-06-03,Toddlers Are A**holes: It's Not Your Fault,26.12
2026-06-02,Toddlers Are A**holes: It's Not Your Fault,26.21
2026-06-08,The Year of Living Biblically: One Man's Humble Quest to Follow the Bible as Literally as Possible,35.59
2026-06-07,The Year of Living Biblically: One Man's Humble Quest to Follow the Bible as Literally as Possible,34.51
2026-06-06,The Year of Living Biblically: One Man's Humble Quest to Follow the Bible as Literally as Possible,34.04
2026-06-05,The Year of Living Biblically: One Man's Humble Quest to Follow the Bible as Literally as Possible,34.58
2026-06-04,The Year of Living Biblically: One Man's Humble Quest to Follow the Bible as Literally as Possible,34.59
2026-06-03,The Year of Living Biblically: One Man's Humble Quest to Follow the Bible as Literally as Possible,34.1
2026-06-02,The Year of Living Biblically: One Man's Humble Quest to Follow the Bible as Literally as Possible,35.34
2026-06-08,The Whale,36.5
2026-06-07,The Whale,35.93
2026-06-06,The Whale,36.61
2026-06-05,The Whale,36.49
2026-06-04,The Whale,37.03
2026-06-03,The Whale,36.38
2026-06-02,The Whale,36.77
2026-06-08,The Story of Art,41.71
2026-06-07,The Story of Art,41.52
2026-06-06,The Story of Art,40.04
2026-06-05,The Story of Art,38.58
2026-06-04,The Story of Art,37.43
2026-06-03,The Story of Art,37.08
2026-06-02,The Story of Art,38.08
2026-06-08,The Origin of Species,9.69
2026-06-07,The Origin of Species,10.45
2026-06-06,The Origin of Species,9.03
2026-06-05,The Origin of Species,8.58
2026-06-04,The Origin of Species,9.26
2026-06-03,The Origin of Species,7.94
2026-06-02,The Origin of Species,8.64
2026-06-08,The Great Gatsby,36.66
2026-06-07,The Great Gatsby,35.18
2026-06-06,The Great Gatsby,35.34
2026-06-05,The Great Gatsby,35.9
2026-06-04,The Great Gatsby,36.99
2026-06-03,The Great Gatsby,38.17
2026-06-02,The Great Gatsby,39.06
2026-06-08,The Good Girl,48.87
2026-06-07,The Good Girl,47.81
2026-06-06,The Good Girl,46.65
2026-06-05,The Good Girl,46.29
2026-06-04,The Good Girl,45.24
2026-06-03,The Good Girl,45.98
2026-06-02,The Good Girl,45.8
2026-06-08,The Glass Castle,16.87
2026-06-07,The Glass Castle,16.09
2026-06-06,The Glass Castle,15.58
2026-06-05,The Glass Castle,15.89
2026-06-04,The Glass Castle,15.07
2026-06-03,The Glass Castle,15.13
2026-06-02,The Glass Castle,14.58
2026-06-08,The Faith of Christopher Hitchens: The Restless Soul of the World's Most Notorious Atheist,38.38
2026-06-07,The Faith of Christopher Hitchens: The Restless Soul of the World's Most Notorious Atheist,37.66
2026-06-06,The Faith of Christopher Hitchens: The Restless Soul of the World's Most Notorious Atheist,36.84
2026-06-05,The Faith of Christopher Hitchens: The Restless Soul of the World's Most Notorious Atheist,35.57
2026-06-04,The Faith of Christopher Hitchens: The Restless Soul of the World's Most Notorious Atheist,35.05
2026-06-03,The Faith of Christopher Hitchens: The Restless Soul of the World's Most Notorious Atheist,33.64
2026-06-02,The Faith of Christopher Hitchens: The Restless Soul of the World's Most Notorious Atheist,34.4
2026-06-08,The Drowning Girls,35.69
2026-06-07,The Drowning Girls,35.38
2026-06-06,The Drowning Girls,35.7
2026-06-05,The Drowning Girls,35.22
2026-06-04,The Drowning Girls,34.66
2026-06-03,The Drowning Girls,34.25
2026-06-02,The Drowning Girls,33.95
2026-06-08,The Constant Princess (The Tudor Court #1),15.77
2026-06-07,The Constant Princess (The Tudor Court #1),16.71
2026-06-06,The Constant Princess (The Tudor Court #1),16.07
2026-06-05,The Constant Princess (The Tudor Court #1),15.01
2026-06-04,The Constant Princess (The Tudor Court #1),15.68
2026-06-03,The Constant Princess (The Tudor Court #1),14.86
2026-06-02,The Constant Princess (The Tudor Court #1),14.37
2026-06-08,The Bourne Identity (Jason Bourne #1),43.6
2026-06-07,The Bourne Identity (Jason Bourne #1),43.62
2026-06-06,The Bourne Identity (Jason Bourne #1),42.94
2026-06-05,The Bourne Identity (Jason Bourne #1),42.86
2026-06-04,The Bourne Identity (Jason Bourne #1),43.65
2026-06-03,The Bourne Identity (Jason Bourne #1),45.05
2026-06-02,The Bourne Identity (Jason Bourne #1),43.76
2026-06-08,The Bachelor Girl's Guide to Murder (Herringford and Watts Mysteries #1),53.67
2026-06-07,The Bachelor Girl's Guide to Murder (Herringford and Watts Mysteries #1),52.23
2026-06-06,The Bachelor Girl's Guide to Murder (Herringford and Watts Mysteries #1),53.2
2026-06-05,The Bachelor Girl's Guide to Murder (Herringford and Watts Mysteries #1),53.76
2026-06-04,The Bachelor Girl's Guide to Murder (Herringford and Watts Mysteries #1),53.34
2026-06-03,The Bachelor Girl's Guide to Murder (Herringford and Watts Mysteries #1),54.18
2026-06-02,The Bachelor Girl's Guide to Murder (Herringford and Watts Mysteries #1),53.36
2026-06-08,The Art Book,31.05
2026-06-07,The Art Book,32.35
2026-06-06,The Art Book,32.67
2026-06-05,The Art Book,32.06
2026-06-04,The Art Book,33.18
2026-06-03,The Art Book,33.45
2026-06-02,The Art Book,33.48
2026-06-08,The 7 Habits of Highly Effective People: Powerful Lessons in Personal Change,32.82
2026-06-07,The 7 Habits of Highly Effective People: Powerful Lessons in Personal Change,31.53
2026-06-06,The 7 Habits of Highly Effective People: Powerful Lessons in Personal Change,32.08
2026-06-05,The 7 Habits of Highly Effective People: Powerful Lessons in Personal Change,32.73
2026-06-04,The 7 Habits of Highly Effective People: Powerful Lessons in Personal Change,33.85
2026-06-03,The 7 Habits of Highly Effective People: Powerful Lessons in Personal Change,33.43
2026-06-02,The 7 Habits of Highly Effective People: Powerful Lessons in Personal Change,33.73
2026-06-08,Team of Rivals: The Political Genius of Abraham Lincoln,19.59
2026-06-07,Team of Rivals: The Political Genius of Abraham Lincoln,20.16
2026-06-06,Team of Rivals: The Political Genius of Abraham Lincoln,21.02
2026-06-05,Team of Rivals: The Political Genius of Abraham Lincoln,21.87
2026-06-04,Team of Rivals: The Political Genius of Abraham Lincoln,22.42
2026-06-03,Team of Rivals: The Political Genius of Abraham Lincoln,23.92
2026-06-02,Team of Rivals: The Political Genius of Abraham Lincoln,23.84
2026-06-08,Steal Like an Artist: 10 Things Nobody Told You About Being Creative,20.09
2026-06-07,Steal Like an Artist: 10 Things Nobody Told You About Being Creative,19.48
2026-06-06,Steal Like an Artist: 10 Things Nobody Told You About Being Creative,19.08
2026-06-05,Steal Like an Artist: 10 Things Nobody Told You About Being Creative,18.64
2026-06-04,Steal Like an Artist: 10 Things Nobody Told You About Being Creative,17.35
2026-06-03,Steal Like an Artist: 10 Things Nobody Told You About Being Creative,17.01
2026-06-02,Steal Like an Artist: 10 Things Nobody Told You About Being Creative,16.67
2026-06-08,"Sit, Stay, Love",21.98
2026-06-07,"Sit, Stay, Love",21.85
2026-06-06,"Sit, Stay, Love",22.24
2026-06-05,"Sit, Stay, Love",21.16
2026-06-04,"Sit, Stay, Love",20.61
2026-06-03,"Sit, Stay, Love",20.43
2026-06-02,"Sit, Stay, Love",19.56
2026-06-08,Sister Dear,39.27
2026-06-07,Sister Dear,40.02
2026-06-06,Sister Dear,40.72
2026-06-05,Sister Dear,39.36
2026-06-04,Sister Dear,40.79
2026-06-03,Sister Dear,41.99
2026-06-02,Sister Dear,42.03
2026-06-08,"Shrunken Treasures: Literary Classics, Short, Sweet, and Silly",53.97
2026-06-07,"Shrunken Treasures: Literary Classics, Short, Sweet, and Silly",53.15
2026-06-06,"Shrunken Treasures: Literary Classics, Short, Sweet, and Silly",53.13
2026-06-05,"Shrunken Treasures: Literary Classics, Short, Sweet, and Silly",53.02
2026-06-04,"Shrunken Treasures: Literary Classics, Short, Sweet, and Silly",52.23
2026-06-03,"Shrunken Treasures: Literary Classics, Short, Sweet, and Silly",52.58
2026-06-02,"Shrunken Treasures: Literary Classics, Short, Sweet, and Silly",51.43
2026-06-08,"Rich Dad, Poor Dad",52.39
2026-06-07,"Rich Dad, Poor Dad",51.93
2026-06-06,"Rich Dad, Poor Dad",52.36
2026-06-05,"Rich Dad, Poor Dad",51.56
2026-06-04,"Rich Dad, Poor Dad",50.5
2026-06-03,"Rich Dad, Poor Dad",49.38
2026-06-02,"Rich Dad, Poor Dad",49.72
2026-06-08,Raymie Nightingale,34.58
2026-06-07,Raymie Nightingale,34.55
2026-06-06,Raymie Nightingale,35.72
2026-06-05,Raymie Nightingale,34.98
2026-06-04,Raymie Nightingale,34.58
2026-06-03,Raymie Nightingale,34.47
2026-06-02,Raymie Nightingale,32.99
2026-06-08,Playing from the Heart,31.79
2026-06-07,Playing from the Heart,32.44
2026-06-06,Playing from the Heart,31.78
2026-06-05,Playing from the Heart,30.53
2026-06-04,Playing from the Heart,29.13
2026-06-03,Playing from the Heart,29.58
2026-06-02,Playing from the Heart,29.24
2026-06-08,Nightstruck: A Novel,50.91
2026-06-07,Nightstruck: A Novel,51.89
2026-06-06,Nightstruck: A Novel,51.76
2026-06-05,Nightstruck: A Novel,52.72
2026-06-04,Nightstruck: A Novel,53.62
2026-06-03,Nightstruck: A Novel,52.81
2026-06-02,Nightstruck: A Novel,52.35
2026-06-08,"Naturally Lean: 125 Nourishing Gluten-Free, Plant-Based Recipes--All Under 300 Calories",11.22
2026-06-07,"Naturally Lean: 125 Nourishing Gluten-Free, Plant-Based Recipes--All Under 300 Calories",10.81
2026-06-06,"Naturally Lean: 125 Nourishing Gluten-Free, Plant-Based Recipes--All Under 300 Calories",11.2
2026-06-05,"Naturally Lean: 125 Nourishing Gluten-Free, Plant-Based Recipes--All Under 300 Calories",10.21
2026-06-04,"Naturally Lean: 125 Nourishing Gluten-Free, Plant-Based Recipes--All Under 300 Calories",10.37
2026-06-03,"Naturally Lean: 125 Nourishing Gluten-Free, Plant-Based Recipes--All Under 300 Calories",11.59
2026-06-02,"Naturally Lean: 125 Nourishing Gluten-Free, Plant-Based Recipes--All Under 300 Calories",11.14
2026-06-08,Meternity,43.35
2026-06-07,Meternity,44.44
2026-06-06,Meternity,44.57
2026-06-05,Meternity,43.17
2026-06-04,Meternity,43.38
2026-06-03,Meternity,43.71
2026-06-02,Meternity,43.84
2026-06-08,Memoirs of a Geisha,49.4
2026-06-07,Memoirs of a Geisha,49.06
2026-06-06,Memoirs of a Geisha,49.74
2026-06-05,Memoirs of a Geisha,50.52
2026-06-04,Memoirs of a Geisha,51.73
2026-06-03,Memoirs of a Geisha,52.19
2026-06-02,Memoirs of a Geisha,51.1
2026-06-08,Like Never Before (Walker Family #2),28.23
2026-06-07,Like Never Before (Walker Family #2),28.19
2026-06-06,Like Never Before (Walker Family #2),28.36
2026-06-05,Like Never Before (Walker Family #2),26.95
2026-06-04,Like Never Before (Walker Family #2),26.09
2026-06-03,Like Never Before (Walker Family #2),27.48
2026-06-02,Like Never Before (Walker Family #2),27.0
2026-06-08,Life of Pi,11.87
2026-06-07,Life of Pi,11.06
2026-06-06,Life of Pi,10.66
2026-06-05,Life of Pi,11.47
2026-06-04,Life of Pi,10.98
2026-06-03,Life of Pi,9.49
2026-06-02,Life of Pi,8.52
2026-06-08,Leave This Song Behind: Teen Poetry at Its Best,52.2
2026-06-07,Leave This Song Behind: Teen Poetry at Its Best,53.34
2026-06-06,Leave This Song Behind: Teen Poetry at Its Best,54.68
2026-06-05,Leave This Song Behind: Teen Poetry at Its Best,55.14
2026-06-04,Leave This Song Behind: Teen Poetry at Its Best,55.03
2026-06-03,Leave This Song Behind: Teen Poetry at Its Best,53.83
2026-06-02,Leave This Song Behind: Teen Poetry at Its Best,53.61
2026-06-08,King's Folly (The Kinsman Chronicles #1),38.9
2026-06-07,King's Folly (The Kinsman Chronicles #1),37.51
2026-06-06,King's Folly (The Kinsman Chronicles #1),38.57
2026-06-05,King's Folly (The Kinsman Chronicles #1),38.45
2026-06-04,King's Folly (The Kinsman Chronicles #1),39.1
2026-06-03,King's Folly (The Kinsman Chronicles #1),37.93
2026-06-02,King's Folly (The Kinsman Chronicles #1),38.7
2026-06-08,John Adams,57.42
2026-06-07,John Adams,57.1
2026-06-06,John Adams,57.86
2026-06-05,John Adams,58.46
2026-06-04,John Adams,57.39
2026-06-03,John Adams,57.03
2026-06-02,John Adams,56.01
2026-06-08,How to Cook Everything Vegetarian: Simple Meatless Recipes for Great Food (How to Cook Everything),47.26
2026-06-07,How to Cook Everything Vegetarian: Simple Meatless Recipes for Great Food (How to Cook Everything),46.35
2026-06-06,How to Cook Everything Vegetarian: Simple Meatless Recipes for Great Food (How to Cook Everything),45.68
2026-06-05,How to Cook Everything Vegetarian: Simple Meatless Recipes for Great Food (How to Cook Everything),46.88
2026-06-04,How to Cook Everything Vegetarian: Simple Meatless Recipes for Great Food (How to Cook Everything),47.16
2026-06-03,How to Cook Everything Vegetarian: Simple Meatless Recipes for Great Food (How to Cook Everything),46.24
2026-06-02,How to Cook Everything Vegetarian: Simple Meatless Recipes for Great Food (How to Cook Everything),47.36
2026-06-08,How to Be a Domestic Goddess: Baking and the Art of Comfort Cooking,28.56
2026-06-07,How to Be a Domestic Goddess: Baking and the Art of Comfort Cooking,29.63
2026-06-06,How to Be a Domestic Goddess: Baking and the Art of Comfort Cooking,30.9
2026-06-05,How to Be a Domestic Goddess: Baking and the Art of Comfort Cooking,31.61
2026-06-04,How to Be a Domestic Goddess: Baking and the Art of Comfort Cooking,30.91
2026-06-03,How to Be a Domestic Goddess: Baking and the Art of Comfort Cooking,30.37
2026-06-02,How to Be a Domestic Goddess: Baking and the Art of Comfort Cooking,30.5
2026-06-08,Good in Bed (Cannie Shapiro #1),35.63
2026-06-07,Good in Bed (Cannie Shapiro #1),35.25
2026-06-06,Good in Bed (Cannie Shapiro #1),36.19
2026-06-05,Good in Bed (Cannie Shapiro #1),37.25
2026-06-04,Good in Bed (Cannie Shapiro #1),38.41
2026-06-03,Good in Bed (Cannie Shapiro #1),39.89
2026-06-02,Good in Bed (Cannie Shapiro #1),39.21
2026-06-08,"Fruits Basket, Vol. 7 (Fruits Basket #7)",18.27
2026-06-07,"Fruits Basket, Vol. 7 (Fruits Basket #7)",17.4
2026-06-06,"Fruits Basket, Vol. 7 (Fruits Basket #7)",18.07
2026-06-05,"Fruits Basket, Vol. 7 (Fruits Basket #7)",17.34
2026-06-04,"Fruits Basket, Vol. 7 (Fruits Basket #7)",16.43
2026-06-03,"Fruits Basket, Vol. 7 (Fruits Basket #7)",16.78
2026-06-02,"Fruits Basket, Vol. 7 (Fruits Basket #7)",18.2
2026-06-08,For the Love: Fighting for Grace in a World of Impossible Standards,45.87
2026-06-07,For the Love: Fighting for Grace in a World of Impossible Standards,44.5
2026-06-06,For the Love: Fighting for Grace in a World of Impossible Standards,43.81
2026-06-05,For the Love: Fighting for Grace in a World of Impossible Standards,45.04
2026-06-04,For the Love: Fighting for Grace in a World of Impossible Standards,44.67
2026-06-03,For the Love: Fighting for Grace in a World of Impossible Standards,45.9
2026-06-02,For the Love: Fighting for Grace in a World of Impossible Standards,47.34
2026-06-08,Finding God in the Ruins: How God Redeems Pain,46.02
2026-06-07,Finding God in the Ruins: How God Redeems Pain,46.3
2026-06-06,Finding God in the Ruins: How God Redeems Pain,45.19
2026-06-05,Finding God in the Ruins: How God Redeems Pain,44.41
2026-06-04,Finding God in the Ruins: How God Redeems Pain,42.98
2026-06-03,Finding God in the Ruins: How God Redeems Pain,43.76
2026-06-02,Finding God in the Ruins: How God Redeems Pain,43.41
2026-06-08,Every Heart a Doorway (Every Heart A Doorway #1),12.57
2026-06-07,Every Heart a Doorway (Every Heart A Doorway #1),13.19
2026-06-06,Every Heart a Doorway (Every Heart A Doorway #1),11.88
2026-06-05,Every Heart a Doorway (Every Heart A Doorway #1),12.79
2026-06-04,Every Heart a Doorway (Every Heart A Doorway #1),11.31
2026-06-03,Every Heart a Doorway (Every Heart A Doorway #1),10.57
2026-06-02,Every Heart a Doorway (Every Heart A Doorway #1),11.45
2026-06-08,Delivering the Truth (Quaker Midwife Mystery #1),20.43
2026-06-07,Delivering the Truth (Quaker Midwife Mystery #1),20.32
2026-06-06,Delivering the Truth (Quaker Midwife Mystery #1),19.78
2026-06-05,Delivering the Truth (Quaker Midwife Mystery #1),18.4
2026-06-04,Delivering the Truth (Quaker Midwife Mystery #1),17.97
2026-06-03,Delivering the Truth (Quaker Midwife Mystery #1),17.6
2026-06-02,Delivering the Truth (Quaker Midwife Mystery #1),17.11
2026-06-08,Counted With the Stars (Out from Egypt #1),17.77
2026-06-07,Counted With the Stars (Out from Egypt #1),18.11
2026-06-06,Counted With the Stars (Out from Egypt #1),18.48
2026-06-05,Counted With the Stars (Out from Egypt #1),19.9
2026-06-04,Counted With the Stars (Out from Egypt #1),21.05
2026-06-03,Counted With the Stars (Out from Egypt #1),20.67
2026-06-02,Counted With the Stars (Out from Egypt #1),19.33
2026-06-08,"Chronicles, Vol. 1",53.59
2026-06-07,"Chronicles, Vol. 1",53.39
2026-06-06,"Chronicles, Vol. 1",54.53
2026-06-05,"Chronicles, Vol. 1",55.02
2026-06-04,"Chronicles, Vol. 1",55.0
2026-06-03,"Chronicles, Vol. 1",54.62
2026-06-02,"Chronicles, Vol. 1",54.98
2026-06-08,Blue Like Jazz: Nonreligious Thoughts on Christian Spirituality,24.48
2026-06-07,Blue Like Jazz: Nonreligious Thoughts on Christian Spirituality,25.74
2026-06-06,Blue Like Jazz: Nonreligious Thoughts on Christian Spirituality,26.73
2026-06-05,Blue Like Jazz: Nonreligious Thoughts on Christian Spirituality,26.44
2026-06-04,Blue Like Jazz: Nonreligious Thoughts on Christian Spirituality,26.89
2026-06-03,Blue Like Jazz: Nonreligious Thoughts on Christian Spirituality,25.78
2026-06-02,Blue Like Jazz: Nonreligious Thoughts on Christian Spirituality,24.6
2026-06-08,Benjamin Franklin: An American Life,49.53
2026-06-07,Benjamin Franklin: An American Life,50.84
2026-06-06,Benjamin Franklin: An American Life,51.29
2026-06-05,Benjamin Franklin: An American Life,52.29
2026-06-04,Benjamin Franklin: An American Life,50.93
2026-06-03,Benjamin Franklin: An American Life,49.98
2026-06-02,Benjamin Franklin: An American Life,49.45
2026-06-08,"At The Existentialist Café: Freedom, Being, and apricot cocktails with: Jean-Paul Sartre, Simone de Beauvoir, Albert Camus, Martin Heidegger, Edmund Husserl, Karl Jaspers, Maurice Merleau-Ponty and others",28.65
2026-06-07,"At The Existentialist Café: Freedom, Being, and apricot cocktails with: Jean-Paul Sartre, Simone de Beauvoir, Albert Camus, Martin Heidegger, Edmund Husserl, Karl Jaspers, Maurice Merleau-Ponty and others",29.1
2026-06-06,"At The Existentialist Café: Freedom, Being, and apricot cocktails with: Jean-Paul Sartre, Simone de Beauvoir, Albert Camus, Martin Heidegger, Edmund Husserl, Karl Jaspers, Maurice Merleau-Ponty and others",29.55
2026-06-05,"At The Existentialist Café: Freedom, Being, and apricot cocktails with: Jean-Paul Sartre, Simone de Beauvoir, Albert Camus, Martin Heidegger, Edmund Husserl, Karl Jaspers, Maurice Merleau-Ponty and others",28.94
2026-06-04,"At The Existentialist Café: Freedom, Being, and apricot cocktails with: Jean-Paul Sartre, Simone de Beauvoir, Albert Camus, Martin Heidegger, Edmund Husserl, Karl Jaspers, Maurice Merleau-Ponty and others",27.93
2026-06-03,"At The Existentialist Café: Freedom, Being, and apricot cocktails with: Jean-Paul Sartre, Simone de Beauvoir, Albert Camus, Martin Heidegger, Edmund Husserl, Karl Jaspers, Maurice Merleau-Ponty and others",27.52
2026-06-02,"At The Existentialist Café: Freedom, Being, and apricot cocktails with: Jean-Paul Sartre, Simone de Beauvoir, Albert Camus, Martin Heidegger, Edmund Husserl, Karl Jaspers, Maurice Merleau-Ponty and others",27.44
2026-06-08,A Summer In Europe,43.09
2026-06-07,A Summer In Europe,42.13
2026-06-06,A Summer In Europe,43.2
2026-06-05,A Summer In Europe,43.02
2026-06-04,A Summer In Europe,42.53
2026-06-03,A Summer In Europe,41.75
2026-06-02,A Summer In Europe,40.46
2026-06-08,A Short History of Nearly Everything,52.95
2026-06-07,A Short History of Nearly Everything,54.04
2026-06-06,A Short History of Nearly Everything,53.1
2026-06-05,A Short History of Nearly Everything,52.72
2026-06-04,A Short History of Nearly Everything,51.57
2026-06-03,A Short History of Nearly Everything,51.8
2026-06-02,A Short History of Nearly Everything,51.02
2026-06-08,A Gathering of Shadows (Shades of Magic #2),44.68
2026-06-07,A Gathering of Shadows (Shades of Magic #2),43.71
2026-06-06,A Gathering of Shadows (Shades of Magic #2),42.46
2026-06-05,A Gathering of Shadows (Shades of Magic #2),42.35
2026-06-04,A Gathering of Shadows (Shades of Magic #2),41.4
2026-06-03,A Gathering of Shadows (Shades of Magic #2),42.55
2026-06-02,A Gathering of Shadows (Shades of Magic #2),41.99
2026-06-08,The Sound Of Love,57.75
2026-06-07,The Sound Of Love,56.93
2026-06-06,The Sound Of Love,57.85
2026-06-05,The Sound Of Love,58.23
2026-06-04,The Sound Of Love,56.92
2026-06-03,The Sound Of Love,55.78
2026-06-02,The Sound Of Love,55.59
2026-06-08,The Rise and Fall of the Third Reich: A History of Nazi Germany,40.28
2026-06-07,The Rise and Fall of the Third Reich: A History of Nazi Germany,39.58
2026-06-06,The Rise and Fall of the Third Reich: A History of Nazi Germany,38.63
2026-06-05,The Rise and Fall of the Third Reich: A History of Nazi Germany,39.57
2026-06-04,The Rise and Fall of the Third Reich: A History of Nazi Germany,39.93
2026-06-03,The Rise and Fall of the Third Reich: A History of Nazi Germany,40.34
2026-06-02,The Rise and Fall of the Third Reich: A History of Nazi Germany,41.55
2026-06-08,The Perks of Being a Wallflower,54.26
2026-06-07,The Perks of Being a Wallflower,54.88
2026-06-06,The Perks of Being a Wallflower,53.48
2026-06-05,The Perks of Being a Wallflower,53.08
2026-06-04,The Perks of Being a Wallflower,53.67
2026-06-03,The Perks of Being a Wallflower,54.21
2026-06-02,The Perks of Being a Wallflower,54.43
2026-06-08,The Mysterious Affair at Styles (Hercule Poirot #1),25.6
2026-06-07,The Mysterious Affair at Styles (Hercule Poirot #1),25.72
2026-06-06,The Mysterious Affair at Styles (Hercule Poirot #1),24.32
2026-06-05,The Mysterious Affair at Styles (Hercule Poirot #1),25.52
2026-06-04,The Mysterious Affair at Styles (Hercule Poirot #1),26.53
2026-06-03,The Mysterious Affair at Styles (Hercule Poirot #1),25.86
2026-06-02,The Mysterious Affair at Styles (Hercule Poirot #1),25.65
2026-06-08,The Man Who Mistook His Wife for a Hat and Other Clinical Tales,58.06
2026-06-07,The Man Who Mistook His Wife for a Hat and Other Clinical Tales,57.2
2026-06-06,The Man Who Mistook His Wife for a Hat and Other Clinical Tales,57.37
2026-06-05,The Man Who Mistook His Wife for a Hat and Other Clinical Tales,58.16
2026-06-04,The Man Who Mistook His Wife for a Hat and Other Clinical Tales,58.97
2026-06-03,The Man Who Mistook His Wife for a Hat and Other Clinical Tales,59.62
2026-06-02,The Man Who Mistook His Wife for a Hat and Other Clinical Tales,59.52
2026-06-08,The Makings of a Fatherless Child,32.82
2026-06-07,The Makings of a Fatherless Child,33.31
2026-06-06,The Makings of a Fatherless Child,34.17
2026-06-05,The Makings of a Fatherless Child,35.54
2026-06-04,The Makings of a Fatherless Child,36.59
2026-06-03,The Makings of a Fatherless Child,35.95
2026-06-02,The Makings of a Fatherless Child,36.49
2026-06-08,The Joy of Cooking,43.77
2026-06-07,The Joy of Cooking,44.73
2026-06-06,The Joy of Cooking,43.52
2026-06-05,The Joy of Cooking,42.55
2026-06-04,The Joy of Cooking,41.52
2026-06-03,The Joy of Cooking,41.12
2026-06-02,The Joy of Cooking,40.85
2026-06-08,The Invention of Wings,36.79
2026-06-07,The Invention of Wings,38.23
2026-06-06,The Invention of Wings,37.51
2026-06-05,The Invention of Wings,37.01
2026-06-04,The Invention of Wings,36.63
2026-06-03,The Invention of Wings,35.42
2026-06-02,The Invention of Wings,34.7
2026-06-08,The Hobbit (Middle-Earth Universe),17.59
2026-06-07,The Hobbit (Middle-Earth Universe),17.54
2026-06-06,The Hobbit (Middle-Earth Universe),16.25
2026-06-05,The Hobbit (Middle-Earth Universe),17.67
2026-06-04,The Hobbit (Middle-Earth Universe),17.2
2026-06-03,The Hobbit (Middle-Earth Universe),17.48
2026-06-02,The Hobbit (Middle-Earth Universe),16.49
2026-06-08,The Great Railway Bazaar,29.88
2026-06-07,The Great Railway Bazaar,29.68
2026-06-06,The Great Railway Bazaar,30.88
2026-06-05,The Great Railway Bazaar,31.15
2026-06-04,The Great Railway Bazaar,30.15
2026-06-03,The Great Railway Bazaar,30.3
2026-06-02,The Great Railway Bazaar,30.94
2026-06-08,The Golden Compass (His Dark Materials #1),18.62
2026-06-07,The Golden Compass (His Dark Materials #1),19.53
2026-06-06,The Golden Compass (His Dark Materials #1),21.03
2026-06-05,The Golden Compass (His Dark Materials #1),20.05
2026-06-04,The Golden Compass (His Dark Materials #1),19.39
2026-06-03,The Golden Compass (His Dark Materials #1),20.62
2026-06-02,The Golden Compass (His Dark Materials #1),19.21
2026-06-08,The God Delusion,47.46
2026-06-07,The God Delusion,46.97
2026-06-06,The God Delusion,47.66
2026-06-05,The God Delusion,47.55
2026-06-04,The God Delusion,48.47
2026-06-03,The God Delusion,49.53
2026-06-02,The God Delusion,50.33
2026-06-08,The Girl You Left Behind (The Girl You Left Behind #1),14.73
2026-06-07,The Girl You Left Behind (The Girl You Left Behind #1),13.87
2026-06-06,The Girl You Left Behind (The Girl You Left Behind #1),13.7
2026-06-05,The Girl You Left Behind (The Girl You Left Behind #1),14.49
2026-06-04,The Girl You Left Behind (The Girl You Left Behind #1),12.99
2026-06-03,The Girl You Left Behind (The Girl You Left Behind #1),13.12
2026-06-02,The Girl You Left Behind (The Girl You Left Behind #1),13.25
2026-06-08,The Fellowship of the Ring (The Lord of the Rings #1),9.52
2026-06-07,The Fellowship of the Ring (The Lord of the Rings #1),8.66
2026-06-06,The Fellowship of the Ring (The Lord of the Rings #1),7.71
2026-06-05,The Fellowship of the Ring (The Lord of the Rings #1),8.44
2026-06-04,The Fellowship of the Ring (The Lord of the Rings #1),8.15
2026-06-03,The Fellowship of the Ring (The Lord of the Rings #1),9.61
2026-06-02,The Fellowship of the Ring (The Lord of the Rings #1),9.62
2026-06-08,The Collected Poems of W.B. Yeats (The Collected Works of W.B. Yeats #1),16.5
2026-06-07,The Collected Poems of W.B. Yeats (The Collected Works of W.B. Yeats #1),15.46
2026-06-06,The Collected Poems of W.B. Yeats (The Collected Works of W.B. Yeats #1),16.83
2026-06-05,The Collected Poems of W.B. Yeats (The Collected Works of W.B. Yeats #1),18.19
2026-06-04,The Collected Poems of W.B. Yeats (The Collected Works of W.B. Yeats #1),18.38
2026-06-03,The Collected Poems of W.B. Yeats (The Collected Works of W.B. Yeats #1),19.31
2026-06-02,The Collected Poems of W.B. Yeats (The Collected Works of W.B. Yeats #1),19.75
2026-06-08,The Barefoot Contessa Cookbook,60.56
2026-06-07,The Barefoot Contessa Cookbook,61.16
2026-06-06,The Barefoot Contessa Cookbook,62.27
2026-06-05,The Barefoot Contessa Cookbook,62.41
2026-06-04,The Barefoot Contessa Cookbook,63.5
2026-06-03,The Barefoot Contessa Cookbook,63.76
2026-06-02,The Barefoot Contessa Cookbook,64.68
2026-06-08,Tell the Wolves I'm Home,52.21
2026-06-07,Tell the Wolves I'm Home,51.5
2026-06-06,Tell the Wolves I'm Home,51.06
2026-06-05,Tell the Wolves I'm Home,52.0
2026-06-04,Tell the Wolves I'm Home,52.47
2026-06-03,Tell the Wolves I'm Home,52.25
2026-06-02,Tell the Wolves I'm Home,53.7
2026-06-08,Ship Leaves Harbor: Essays on Travel by a Recovering Journeyman,30.33
2026-06-07,Ship Leaves Harbor: Essays on Travel by a Recovering Journeyman,30.75
2026-06-06,Ship Leaves Harbor: Essays on Travel by a Recovering Journeyman,29.69
2026-06-05,Ship Leaves Harbor: Essays on Travel by a Recovering Journeyman,31.02
2026-06-04,Ship Leaves Harbor: Essays on Travel by a Recovering Journeyman,32.41
2026-06-03,Ship Leaves Harbor: Essays on Travel by a Recovering Journeyman,33.87
2026-06-02,Ship Leaves Harbor: Essays on Travel by a Recovering Journeyman,33.27
2026-06-08,Pride and Prejudice,20.27
2026-06-07,Pride and Prejudice,20.81
2026-06-06,Pride and Prejudice,20.98
2026-06-05,Pride and Prejudice,22.14
2026-06-04,Pride and Prejudice,23.49
2026-06-03,Pride and Prejudice,22.46
2026-06-02,Pride and Prejudice,21.74
2026-06-08,Musicophilia: Tales of Music and the Brain,46.94
2026-06-07,Musicophilia: Tales of Music and the Brain,46.44
2026-06-06,Musicophilia: Tales of Music and the Brain,47.49
2026-06-05,Musicophilia: Tales of Music and the Brain,46.9
2026-06-04,Musicophilia: Tales of Music and the Brain,45.43
2026-06-03,Musicophilia: Tales of Music and the Brain,44.34
2026-06-02,Musicophilia: Tales of Music and the Brain,43.99
2026-06-08,Mere Christianity,48.66
2026-06-07,Mere Christianity,47.25
2026-06-06,Mere Christianity,48.03
2026-06-05,Mere Christianity,47.93
2026-06-04,Mere Christianity,49.15
2026-06-03,Mere Christianity,50.22
2026-06-02,Mere Christianity,51.55
2026-06-08,Me Before You (Me Before You #1),19.16
2026-06-07,Me Before You (Me Before You #1),18.55
2026-06-06,Me Before You (Me Before You #1),17.4
2026-06-05,Me Before You (Me Before You #1),18.59
2026-06-04,Me Before You (Me Before You #1),18.39
2026-06-03,Me Before You (Me Before You #1),18.77
2026-06-02,Me Before You (Me Before You #1),17.43
2026-06-08,In the Woods (Dublin Murder Squad #1),38.04
2026-06-07,In the Woods (Dublin Murder Squad #1),36.97
2026-06-06,In the Woods (Dublin Murder Squad #1),36.86
2026-06-05,In the Woods (Dublin Murder Squad #1),36.78
2026-06-04,In the Woods (Dublin Murder Squad #1),35.9
2026-06-03,In the Woods (Dublin Murder Squad #1),35.69
2026-06-02,In the Woods (Dublin Murder Squad #1),34.24
2026-06-08,In Cold Blood,48.77
2026-06-07,In Cold Blood,48.42
2026-06-06,In Cold Blood,49.62
2026-06-05,In Cold Blood,51.09
2026-06-04,In Cold Blood,52.29
2026-06-03,In Cold Blood,52.48
2026-06-02,In Cold Blood,53.82
2026-06-08,How to Stop Worrying and Start Living,47.26
2026-06-07,How to Stop Worrying and Start Living,47.88
2026-06-06,How to Stop Worrying and Start Living,47.4
2026-06-05,How to Stop Worrying and Start Living,46.14
2026-06-04,How to Stop Worrying and Start Living,45.48
2026-06-03,How to Stop Worrying and Start Living,46.1
2026-06-02,How to Stop Worrying and Start Living,46.83
2026-06-08,Give It Back,17.64
2026-06-07,Give It Back,16.62
2026-06-06,Give It Back,15.24
2026-06-05,Give It Back,15.14
2026-06-04,Give It Back,14.65
2026-06-03,Give It Back,14.07
2026-06-02,Give It Back,13.05
2026-06-08,"Girl, Interrupted",43.25
2026-06-07,"Girl, Interrupted",42.92
2026-06-06,"Girl, Interrupted",41.79
2026-06-05,"Girl, Interrupted",41.75
2026-06-04,"Girl, Interrupted",42.1
2026-06-03,"Girl, Interrupted",40.94
2026-06-02,"Girl, Interrupted",39.47
2026-06-08,Fun Home: A Family Tragicomic,55.44
2026-06-07,Fun Home: A Family Tragicomic,55.62
2026-06-06,Fun Home: A Family Tragicomic,56.96
2026-06-05,Fun Home: A Family Tragicomic,58.08
2026-06-04,Fun Home: A Family Tragicomic,57.11
2026-06-03,Fun Home: A Family Tragicomic,58.6
2026-06-02,Fun Home: A Family Tragicomic,58.58
2026-06-08,"Fruits Basket, Vol. 6 (Fruits Basket #6)",19.51
2026-06-07,"Fruits Basket, Vol. 6 (Fruits Basket #6)",19.69
2026-06-06,"Fruits Basket, Vol. 6 (Fruits Basket #6)",19.23
2026-06-05,"Fruits Basket, Vol. 6 (Fruits Basket #6)",17.73
2026-06-04,"Fruits Basket, Vol. 6 (Fruits Basket #6)",17.48
2026-06-03,"Fruits Basket, Vol. 6 (Fruits Basket #6)",16.66
2026-06-02,"Fruits Basket, Vol. 6 (Fruits Basket #6)",15.57
2026-06-08,Deception Point,38.92
2026-06-07,Deception Point,38.81
2026-06-06,Deception Point,38.55
2026-06-05,Deception Point,38.21
2026-06-04,Deception Point,36.93
2026-06-03,Deception Point,35.6
2026-06-02,Deception Point,35.18
2026-06-08,"Death Note, Vol. 6: Give-and-Take (Death Note #6)",37.76
2026-06-07,"Death Note, Vol. 6: Give-and-Take (Death Note #6)",37.09
2026-06-06,"Death Note, Vol. 6: Give-and-Take (Death Note #6)",35.84
2026-06-05,"Death Note, Vol. 6: Give-and-Take (Death Note #6)",36.46
2026-06-04,"Death Note, Vol. 6: Give-and-Take (Death Note #6)",36.62
2026-06-03,"Death Note, Vol. 6: Give-and-Take (Death Note #6)",36.6
2026-06-02,"Death Note, Vol. 6: Give-and-Take (Death Note #6)",37.03
2026-06-08,Catherine the Great: Portrait of a Woman,57.76
2026-06-07,Catherine the Great: Portrait of a Woman,56.69
2026-06-06,Catherine the Great: Portrait of a Woman,58.08
2026-06-05,Catherine the Great: Portrait of a Woman,59.57
2026-06-04,Catherine the Great: Portrait of a Woman,58.89
2026-06-03,Catherine the Great: Portrait of a Woman,58.64
2026-06-02,Catherine the Great: Portrait of a Woman,58.47
2026-06-08,Better Homes and Gardens New Cook Book,41.08
2026-06-07,Better Homes and Gardens New Cook Book,41.17
2026-06-06,Better Homes and Gardens New Cook Book,42.32
2026-06-05,Better Homes and Gardens New Cook Book,41.96
2026-06-04,Better Homes and Gardens New Cook Book,41.31
2026-06-03,Better Homes and Gardens New Cook Book,41.2
2026-06-02,Better Homes and Gardens New Cook Book,42.67
2026-06-08,An Unquiet Mind: A Memoir of Moods and Madness,21.35
2026-06-07,An Unquiet Mind: A Memoir of Moods and Madness,20.2
2026-06-06,An Unquiet Mind: A Memoir of Moods and Madness,21.2
2026-06-05,An Unquiet Mind: A Memoir of Moods and Madness,20.87
2026-06-04,An Unquiet Mind: A Memoir of Moods and Madness,20.88
2026-06-03,An Unquiet Mind: A Memoir of Moods and Madness,20.34
2026-06-02,An Unquiet Mind: A Memoir of Moods and Madness,20.62
2026-06-08,A Year in Provence (Provence #1),56.11
2026-06-07,A Year in Provence (Provence #1),57.54
2026-06-06,A Year in Provence (Provence #1),57.46
2026-06-05,A Year in Provence (Provence #1),56.48
2026-06-04,A Year in Provence (Provence #1),56.44
2026-06-03,A Year in Provence (Provence #1),57.33
2026-06-02,A Year in Provence (Provence #1),56.25
2026-06-08,World Without End (The Pillars of the Earth #2),31.77
2026-06-07,World Without End (The Pillars of the Earth #2),31.16
2026-06-06,World Without End (The Pillars of the Earth #2),30.95
2026-06-05,World Without End (The Pillars of the Earth #2),31.93
2026-06-04,World Without End (The Pillars of the Earth #2),32.41
2026-06-03,World Without End (The Pillars of the Earth #2),33.55
2026-06-02,World Without End (The Pillars of the Earth #2),34.58
2026-06-08,"Will Grayson, Will Grayson (Will Grayson, Will Grayson)",47.19
2026-06-07,"Will Grayson, Will Grayson (Will Grayson, Will Grayson)",48.2
2026-06-06,"Will Grayson, Will Grayson (Will Grayson, Will Grayson)",48.14
2026-06-05,"Will Grayson, Will Grayson (Will Grayson, Will Grayson)",47.79
2026-06-04,"Will Grayson, Will Grayson (Will Grayson, Will Grayson)",47.37
2026-06-03,"Will Grayson, Will Grayson (Will Grayson, Will Grayson)",47.69
2026-06-02,"Will Grayson, Will Grayson (Will Grayson, Will Grayson)",46.92
2026-06-08,Why Save the Bankers?: And Other Essays on Our Economic and Political Crisis,49.57
2026-06-07,Why Save the Bankers?: And Other Essays on Our Economic and Political Crisis,50.41
2026-06-06,Why Save the Bankers?: And Other Essays on Our Economic and Political Crisis,51.24
2026-06-05,Why Save the Bankers?: And Other Essays on Our Economic and Political Crisis,52.09
2026-06-04,Why Save the Bankers?: And Other Essays on Our Economic and Political Crisis,51.36
2026-06-03,Why Save the Bankers?: And Other Essays on Our Economic and Political Crisis,51.74
2026-06-02,Why Save the Bankers?: And Other Essays on Our Economic and Political Crisis,51.82
2026-06-08,Where She Went (If I Stay #2),42.05
2026-06-07,Where She Went (If I Stay #2),43.13
2026-06-06,Where She Went (If I Stay #2),43.12
2026-06-05,Where She Went (If I Stay #2),42.7
2026-06-04,Where She Went (If I Stay #2),41.43
2026-06-03,Where She Went (If I Stay #2),40.16
2026-06-02,Where She Went (If I Stay #2),38.98
2026-06-08,What If?: Serious Scientific Answers to Absurd Hypothetical Questions,54.01
2026-06-07,What If?: Serious Scientific Answers to Absurd Hypothetical Questions,54.77
2026-06-06,What If?: Serious Scientific Answers to Absurd Hypothetical Questions,55.35
2026-06-05,What If?: Serious Scientific Answers to Absurd Hypothetical Questions,56.76
2026-06-04,What If?: Serious Scientific Answers to Absurd Hypothetical Questions,55.75
2026-06-03,What If?: Serious Scientific Answers to Absurd Hypothetical Questions,55.11
2026-06-02,What If?: Serious Scientific Answers to Absurd Hypothetical Questions,53.85
2026-06-08,Two Summers,13.45
2026-06-07,Two Summers,12.23
2026-06-06,Two Summers,13.65
2026-06-05,Two Summers,14.48
2026-06-04,Two Summers,15.41
2026-06-03,Two Summers,16.16
2026-06-02,Two Summers,16.04
2026-06-08,This Is Your Brain on Music: The Science of a Human Obsession,38.89
2026-06-07,This Is Your Brain on Music: The Science of a Human Obsession,39.36
2026-06-06,This Is Your Brain on Music: The Science of a Human Obsession,39.62
2026-06-05,This Is Your Brain on Music: The Science of a Human Obsession,38.21
2026-06-04,This Is Your Brain on Music: The Science of a Human Obsession,38.65
2026-06-03,This Is Your Brain on Music: The Science of a Human Obsession,37.55
2026-06-02,This Is Your Brain on Music: The Science of a Human Obsession,36.58
2026-06-08,The Secret Garden,14.78
2026-06-07,The Secret Garden,13.76
2026-06-06,The Secret Garden,14.09
2026-06-05,The Secret Garden,12.87
2026-06-04,The Secret Garden,13.3
2026-06-03,The Secret Garden,14.07
2026-06-02,The Secret Garden,13.06
2026-06-08,The Raven King (The Raven Cycle #4),30.38
2026-06-07,The Raven King (The Raven Cycle #4),29.28
2026-06-06,The Raven King (The Raven Cycle #4),28.11
2026-06-05,The Raven King (The Raven Cycle #4),26.62
2026-06-04,The Raven King (The Raven Cycle #4),26.08
2026-06-03,The Raven King (The Raven Cycle #4),26.68
2026-06-02,The Raven King (The Raven Cycle #4),26.99
2026-06-08,The Raven Boys (The Raven Cycle #1),58.82
2026-06-07,The Raven Boys (The Raven Cycle #1),57.59
2026-06-06,The Raven Boys (The Raven Cycle #1),58.67
2026-06-05,The Raven Boys (The Raven Cycle #1),57.35
2026-06-04,The Raven Boys (The Raven Cycle #1),57.95
2026-06-03,The Raven Boys (The Raven Cycle #1),59.28
2026-06-02,The Raven Boys (The Raven Cycle #1),58.87
2026-06-08,The Power Greens Cookbook: 140 Delicious Superfood Recipes,12.52
2026-06-07,The Power Greens Cookbook: 140 Delicious Superfood Recipes,13.65
2026-06-06,The Power Greens Cookbook: 140 Delicious Superfood Recipes,12.89
2026-06-05,The Power Greens Cookbook: 140 Delicious Superfood Recipes,11.47
2026-06-04,The Power Greens Cookbook: 140 Delicious Superfood Recipes,11.4
2026-06-03,The Power Greens Cookbook: 140 Delicious Superfood Recipes,10.25
2026-06-02,The Power Greens Cookbook: 140 Delicious Superfood Recipes,10.37
2026-06-08,The Metamorphosis,29.13
2026-06-07,The Metamorphosis,29.43
2026-06-06,The Metamorphosis,29.52
2026-06-05,The Metamorphosis,30.16
2026-06-04,The Metamorphosis,30.26
2026-06-03,The Metamorphosis,28.88
2026-06-02,The Metamorphosis,29.87
2026-06-08,The Mathews Men: Seven Brothers and the War Against Hitler's U-boats,42.56
2026-06-07,The Mathews Men: Seven Brothers and the War Against Hitler's U-boats,41.41
2026-06-06,The Mathews Men: Seven Brothers and the War Against Hitler's U-boats,40.38
2026-06-05,The Mathews Men: Seven Brothers and the War Against Hitler's U-boats,39.09
2026-06-04,The Mathews Men: Seven Brothers and the War Against Hitler's U-boats,39.53
2026-06-03,The Mathews Men: Seven Brothers and the War Against Hitler's U-boats,38.78
2026-06-02,The Mathews Men: Seven Brothers and the War Against Hitler's U-boats,37.81
2026-06-08,The Little Paris Bookshop,25.13
2026-06-07,The Little Paris Bookshop,24.87
2026-06-06,The Little Paris Bookshop,24.32
2026-06-05,The Little Paris Bookshop,25.07
2026-06-04,The Little Paris Bookshop,25.07
2026-06-03,The Little Paris Bookshop,25.35
2026-06-02,The Little Paris Bookshop,25.53
2026-06-08,The Hiding Place,55.19
2026-06-07,The Hiding Place,55.0
2026-06-06,The Hiding Place,54.24
2026-06-05,The Hiding Place,53.77
2026-06-04,The Hiding Place,54.99
2026-06-03,The Hiding Place,54.86
2026-06-02,The Hiding Place,55.57
2026-06-08,The Grand Design,13.83
2026-06-07,The Grand Design,14.4
2026-06-06,The Grand Design,13.71
2026-06-05,The Grand Design,13.74
2026-06-04,The Grand Design,13.9
2026-06-03,The Grand Design,14.65
2026-06-02,The Grand Design,15.15
2026-06-08,The Firm,44.69
2026-06-07,The Firm,43.61
2026-06-06,The Firm,44.17
2026-06-05,The Firm,43.57
2026-06-04,The Firm,42.1
2026-06-03,The Firm,41.71
2026-06-02,The Firm,41.88
2026-06-08,The Fault in Our Stars,46.12
2026-06-07,The Fault in Our Stars,45.83
2026-06-06,The Fault in Our Stars,44.41
2026-06-05,The Fault in Our Stars,45.08
2026-06-04,The Fault in Our Stars,43.71
2026-06-03,The Fault in Our Stars,42.24
2026-06-02,The Fault in Our Stars,41.15
2026-06-08,The False Prince (The Ascendance Trilogy #1),56.86
2026-06-07,The False Prince (The Ascendance Trilogy #1),57.16
2026-06-06,The False Prince (The Ascendance Trilogy #1),56.72
2026-06-05,The False Prince (The Ascendance Trilogy #1),56.73
2026-06-04,The False Prince (The Ascendance Trilogy #1),57.86
2026-06-03,The False Prince (The Ascendance Trilogy #1),58.96
2026-06-02,The False Prince (The Ascendance Trilogy #1),58.63
2026-06-08,The Expatriates,45.03
2026-06-07,The Expatriates,44.89
2026-06-06,The Expatriates,45.55
2026-06-05,The Expatriates,44.11
2026-06-04,The Expatriates,43.74
2026-06-03,The Expatriates,44.2
2026-06-02,The Expatriates,43.97
2026-06-08,The Dream Thieves (The Raven Cycle #2),34.13
2026-06-07,The Dream Thieves (The Raven Cycle #2),32.84
2026-06-06,The Dream Thieves (The Raven Cycle #2),33.4
2026-06-05,The Dream Thieves (The Raven Cycle #2),32.46
2026-06-04,The Dream Thieves (The Raven Cycle #2),32.55
2026-06-03,The Dream Thieves (The Raven Cycle #2),31.73
2026-06-02,The Dream Thieves (The Raven Cycle #2),32.28
2026-06-08,The Darkest Corners,9.9
2026-06-07,The Darkest Corners,9.81
2026-06-06,The Darkest Corners,9.78
2026-06-05,The Darkest Corners,9.45
2026-06-04,The Darkest Corners,10.52
2026-06-03,The Darkest Corners,10.64
2026-06-02,The Darkest Corners,11.52
2026-06-08,The Crossover,37.49
2026-06-07,The Crossover,36.39
2026-06-06,The Crossover,37.3
2026-06-05,The Crossover,37.6
2026-06-04,The Crossover,38.08
2026-06-03,The Crossover,36.94
2026-06-02,The Crossover,37.09
2026-06-08,The 5th Wave (The 5th Wave #1),12.41
2026-06-07,The 5th Wave (The 5th Wave #1),12.61
2026-06-06,The 5th Wave (The 5th Wave #1),12.92
2026-06-05,The 5th Wave (The 5th Wave #1),12.04
2026-06-04,The 5th Wave (The 5th Wave #1),13.06
2026-06-03,The 5th Wave (The 5th Wave #1),14.13
2026-06-02,The 5th Wave (The 5th Wave #1),14.17
2026-06-08,Tell the Wind and Fire,46.47
2026-06-07,Tell the Wind and Fire,47.07
2026-06-06,Tell the Wind and Fire,47.5
2026-06-05,Tell the Wind and Fire,47.06
2026-06-04,Tell the Wind and Fire,47.76
2026-06-03,Tell the Wind and Fire,47.41
2026-06-02,Tell the Wind and Fire,48.55
2026-06-08,Tell Me Three Things,42.67
2026-06-07,Tell Me Three Things,42.24
2026-06-06,Tell Me Three Things,42.68
2026-06-05,Tell Me Three Things,41.45
2026-06-04,Tell Me Three Things,41.94
2026-06-03,Tell Me Three Things,40.44
2026-06-02,Tell Me Three Things,41.54
2026-06-08,Talking to Girls About Duran Duran: One Young Man's Quest for True Love and a Cooler Haircut,24.07
2026-06-07,Talking to Girls About Duran Duran: One Young Man's Quest for True Love and a Cooler Haircut,24.25
2026-06-06,Talking to Girls About Duran Duran: One Young Man's Quest for True Love and a Cooler Haircut,23.84
2026-06-05,Talking to Girls About Duran Duran: One Young Man's Quest for True Love and a Cooler Haircut,23.89
2026-06-04,Talking to Girls About Duran Duran: One Young Man's Quest for True Love and a Cooler Haircut,23.95
2026-06-03,Talking to Girls About Duran Duran: One Young Man's Quest for True Love and a Cooler Haircut,23.09
2026-06-02,Talking to Girls About Duran Duran: One Young Man's Quest for True Love and a Cooler Haircut,21.95
2026-06-08,Siddhartha,34.83
2026-06-07,Siddhartha,35.04
2026-06-06,Siddhartha,34.46
2026-06-05,Siddhartha,34.95
2026-06-04,Siddhartha,36.22
2026-06-03,Siddhartha,34.73
2026-06-02,Siddhartha,33.79
2026-06-08,Shiver (The Wolves of Mercy Falls #1),14.81
2026-06-07,Shiver (The Wolves of Mercy Falls #1),14.57
2026-06-06,Shiver (The Wolves of Mercy Falls #1),14.28
2026-06-05,Shiver (The Wolves of Mercy Falls #1),14.4
2026-06-04,Shiver (The Wolves of Mercy Falls #1),13.08
2026-06-03,Shiver (The Wolves of Mercy Falls #1),13.15
2026-06-02,Shiver (The Wolves of Mercy Falls #1),12.31
2026-06-08,Remember Me?,10.92
2026-06-07,Remember Me?,9.97
2026-06-06,Remember Me?,8.96
2026-06-05,Remember Me?,8.06
2026-06-04,Remember Me?,6.65
2026-06-03,Remember Me?,6.48
2026-06-02,Remember Me?,6.64
2026-06-08,Red Dragon (Hannibal Lecter #1),22.72
2026-06-07,Red Dragon (Hannibal Lecter #1),22.66
2026-06-06,Red Dragon (Hannibal Lecter #1),22.12
2026-06-05,Red Dragon (Hannibal Lecter #1),21.44
2026-06-04,Red Dragon (Hannibal Lecter #1),20.78
2026-06-03,Red Dragon (Hannibal Lecter #1),19.63
2026-06-02,Red Dragon (Hannibal Lecter #1),20.96
2026-06-08,Peak: Secrets from the New Science of Expertise,16.84
2026-06-07,Peak: Secrets from the New Science of Expertise,15.67
2026-06-06,Peak: Secrets from the New Science of Expertise,16.65
2026-06-05,Peak: Secrets from the New Science of Expertise,16.05
2026-06-04,Peak: Secrets from the New Science of Expertise,15.99
2026-06-03,Peak: Secrets from the New Science of Expertise,14.98
2026-06-02,Peak: Secrets from the New Science of Expertise,14.0
2026-06-08,My Mother Was Nuts,32.35
2026-06-07,My Mother Was Nuts,32.91
2026-06-06,My Mother Was Nuts,33.24
2026-06-05,My Mother Was Nuts,32.89
2026-06-04,My Mother Was Nuts,32.75
2026-06-03,My Mother Was Nuts,31.41
2026-06-02,My Mother Was Nuts,31.02
2026-06-08,Mexican Today: New and Rediscovered Recipes for Contemporary Kitchens,24.6
2026-06-07,Mexican Today: New and Rediscovered Recipes for Contemporary Kitchens,23.74
2026-06-06,Mexican Today: New and Rediscovered Recipes for Contemporary Kitchens,23.64
2026-06-05,Mexican Today: New and Rediscovered Recipes for Contemporary Kitchens,24.75
2026-06-04,Mexican Today: New and Rediscovered Recipes for Contemporary Kitchens,25.62
2026-06-03,Mexican Today: New and Rediscovered Recipes for Contemporary Kitchens,24.6
2026-06-02,Mexican Today: New and Rediscovered Recipes for Contemporary Kitchens,24.08
2026-06-08,Maybe Something Beautiful: How Art Transformed a Neighborhood,23.19
2026-06-07,Maybe Something Beautiful: How Art Transformed a Neighborhood,24.58
2026-06-06,Maybe Something Beautiful: How Art Transformed a Neighborhood,23.66
2026-06-05,Maybe Something Beautiful: How Art Transformed a Neighborhood,22.35
2026-06-04,Maybe Something Beautiful: How Art Transformed a Neighborhood,21.62
2026-06-03,Maybe Something Beautiful: How Art Transformed a Neighborhood,21.55
2026-06-02,Maybe Something Beautiful: How Art Transformed a Neighborhood,22.04
2026-06-08,Lola and the Boy Next Door (Anna and the French Kiss #2),24.08
2026-06-07,Lola and the Boy Next Door (Anna and the French Kiss #2),23.2
2026-06-06,Lola and the Boy Next Door (Anna and the French Kiss #2),23.8
2026-06-05,Lola and the Boy Next Door (Anna and the French Kiss #2),23.3
2026-06-04,Lola and the Boy Next Door (Anna and the French Kiss #2),23.82
2026-06-03,Lola and the Boy Next Door (Anna and the French Kiss #2),23.86
2026-06-02,Lola and the Boy Next Door (Anna and the French Kiss #2),24.37
2026-06-08,Logan Kade (Fallen Crest High #5.5),12.8
2026-06-07,Logan Kade (Fallen Crest High #5.5),11.51
2026-06-06,Logan Kade (Fallen Crest High #5.5),12.53
2026-06-05,Logan Kade (Fallen Crest High #5.5),11.16
2026-06-04,Logan Kade (Fallen Crest High #5.5),9.84
2026-06-03,Logan Kade (Fallen Crest High #5.5),9.25
2026-06-02,Logan Kade (Fallen Crest High #5.5),10.59
2026-06-08,Last One Home (New Beginnings #1),58.55
2026-06-07,Last One Home (New Beginnings #1),58.9
2026-06-06,Last One Home (New Beginnings #1),57.88
2026-06-05,Last One Home (New Beginnings #1),57.02
2026-06-04,Last One Home (New Beginnings #1),56.71
2026-06-03,Last One Home (New Beginnings #1),57.35
2026-06-02,Last One Home (New Beginnings #1),57.51
2026-06-08,Killing Floor (Jack Reacher #1),30.52
2026-06-07,Killing Floor (Jack Reacher #1),31.02
2026-06-06,Killing Floor (Jack Reacher #1),29.58
2026-06-05,Killing Floor (Jack Reacher #1),30.46
2026-06-04,Killing Floor (Jack Reacher #1),30.77
2026-06-03,Killing Floor (Jack Reacher #1),30.19
2026-06-02,Killing Floor (Jack Reacher #1),28.97
2026-06-08,Kill the Boy Band,16.94
2026-06-07,Kill the Boy Band,15.85
2026-06-06,Kill the Boy Band,14.59
2026-06-05,Kill the Boy Band,14.39
2026-06-04,Kill the Boy Band,15.65
2026-06-03,Kill the Boy Band,15.13
2026-06-02,Kill the Boy Band,14.84
2026-06-08,Isla and the Happily Ever After (Anna and the French Kiss #3),48.13
2026-06-07,Isla and the Happily Ever After (Anna and the French Kiss #3),47.07
2026-06-06,Isla and the Happily Ever After (Anna and the French Kiss #3),47.42
2026-06-05,Isla and the Happily Ever After (Anna and the French Kiss #3),47.31
2026-06-04,Isla and the Happily Ever After (Anna and the French Kiss #3),45.94
2026-06-03,Isla and the Happily Ever After (Anna and the French Kiss #3),44.73
2026-06-02,Isla and the Happily Ever After (Anna and the French Kiss #3),45.37
2026-06-08,If I Stay (If I Stay #1),38.31
2026-06-07,If I Stay (If I Stay #1),38.14
2026-06-06,If I Stay (If I Stay #1),37.29
2026-06-05,If I Stay (If I Stay #1),37.49
2026-06-04,If I Stay (If I Stay #1),38.63
2026-06-03,If I Stay (If I Stay #1),37.14
2026-06-02,If I Stay (If I Stay #1),36.5
2026-06-08,I Know Why the Caged Bird Sings (Maya Angelou's Autobiography #1),35.79
2026-06-07,I Know Why the Caged Bird Sings (Maya Angelou's Autobiography #1),36.74
2026-06-06,I Know Why the Caged Bird Sings (Maya Angelou's Autobiography #1),36.82
2026-06-05,I Know Why the Caged Bird Sings (Maya Angelou's Autobiography #1),36.07
2026-06-04,I Know Why the Caged Bird Sings (Maya Angelou's Autobiography #1),34.7
2026-06-03,I Know Why the Caged Bird Sings (Maya Angelou's Autobiography #1),36.18
2026-06-02,I Know Why the Caged Bird Sings (Maya Angelou's Autobiography #1),34.76
2026-06-08,Harry Potter and the Deathly Hallows (Harry Potter #7),24.56
2026-06-07,Harry Potter and the Deathly Hallows (Harry Potter #7),23.51
2026-06-06,Harry Potter and the Deathly Hallows (Harry Potter #7),23.71
2026-06-05,Harry Potter and the Deathly Hallows (Harry Potter #7),22.51
2026-06-04,Harry Potter and the Deathly Hallows (Harry Potter #7),23.13
2026-06-03,Harry Potter and the Deathly Hallows (Harry Potter #7),23.7
2026-06-02,Harry Potter and the Deathly Hallows (Harry Potter #7),24.86
2026-06-08,"Fruits Basket, Vol. 5 (Fruits Basket #5)",16.62
2026-06-07,"Fruits Basket, Vol. 5 (Fruits Basket #5)",17.66
2026-06-06,"Fruits Basket, Vol. 5 (Fruits Basket #5)",18.89
2026-06-05,"Fruits Basket, Vol. 5 (Fruits Basket #5)",18.43
2026-06-04,"Fruits Basket, Vol. 5 (Fruits Basket #5)",17.14
2026-06-03,"Fruits Basket, Vol. 5 (Fruits Basket #5)",16.31
2026-06-02,"Fruits Basket, Vol. 5 (Fruits Basket #5)",15.42
2026-06-08,Foundation (Foundation (Publication Order) #1),31.56
2026-06-07,Foundation (Foundation (Publication Order) #1),30.54
2026-06-06,Foundation (Foundation (Publication Order) #1),31.74
2026-06-05,Foundation (Foundation (Publication Order) #1),31.89
2026-06-04,Foundation (Foundation (Publication Order) #1),32.25
2026-06-03,Foundation (Foundation (Publication Order) #1),32.85
2026-06-02,Foundation (Foundation (Publication Order) #1),31.36
2026-06-08,Fool Me Once,15.98
2026-06-07,Fool Me Once,16.22
2026-06-06,Fool Me Once,15.07
2026-06-05,Fool Me Once,13.91
2026-06-04,Fool Me Once,14.45
2026-06-03,Fool Me Once,13.82
2026-06-02,Fool Me Once,12.57
2026-06-08,Find Her (Detective D.D. Warren #8),21.04
2026-06-07,Find Her (Detective D.D. Warren #8),20.25
2026-06-06,Find Her (Detective D.D. Warren #8),19.67
2026-06-05,Find Her (Detective D.D. Warren #8),19.58
2026-06-04,Find Her (Detective D.D. Warren #8),21.06
2026-06-03,Find Her (Detective D.D. Warren #8),20.5
2026-06-02,Find Her (Detective D.D. Warren #8),19.3
2026-06-08,Evicted: Poverty and Profit in the American City,43.55
2026-06-07,Evicted: Poverty and Profit in the American City,43.95
2026-06-06,Evicted: Poverty and Profit in the American City,42.71
2026-06-05,Evicted: Poverty and Profit in the American City,42.9
2026-06-04,Evicted: Poverty and Profit in the American City,43.24
2026-06-03,Evicted: Poverty and Profit in the American City,42.89
2026-06-02,Evicted: Poverty and Profit in the American City,43.31
2026-06-08,Drama,37.88
2026-06-07,Drama,38.55
2026-06-06,Drama,37.65
2026-06-05,Drama,37.38
2026-06-04,Drama,36.05
2026-06-03,Drama,36.95
2026-06-02,Drama,36.81
2026-06-08,Dracula the Un-Dead,35.0
2026-06-07,Dracula the Un-Dead,34.5
2026-06-06,Dracula the Un-Dead,33.73
2026-06-05,Dracula the Un-Dead,33.42
2026-06-04,Dracula the Un-Dead,34.11
2026-06-03,Dracula the Un-Dead,33.23
2026-06-02,Dracula the Un-Dead,33.68
2026-06-08,Digital Fortress,57.49
2026-06-07,Digital Fortress,57.81
2026-06-06,Digital Fortress,59.1
2026-06-05,Digital Fortress,59.11
2026-06-04,Digital Fortress,58.97
2026-06-03,Digital Fortress,57.72
2026-06-02,Digital Fortress,56.47
2026-06-08,"Death Note, Vol. 5: Whiteout (Death Note #5)",52.09
2026-06-07,"Death Note, Vol. 5: Whiteout (Death Note #5)",53.3
2026-06-06,"Death Note, Vol. 5: Whiteout (Death Note #5)",54.25
2026-06-05,"Death Note, Vol. 5: Whiteout (Death Note #5)",53.7
2026-06-04,"Death Note, Vol. 5: Whiteout (Death Note #5)",53.45
2026-06-03,"Death Note, Vol. 5: Whiteout (Death Note #5)",53.56
2026-06-02,"Death Note, Vol. 5: Whiteout (Death Note #5)",52.58
2026-06-08,"Data, A Love Story: How I Gamed Online Dating to Meet My Match",32.43
2026-06-07,"Data, A Love Story: How I Gamed Online Dating to Meet My Match",33.13
2026-06-06,"Data, A Love Story: How I Gamed Online Dating to Meet My Match",32.71
2026-06-05,"Data, A Love Story: How I Gamed Online Dating to Meet My Match",32.89
2026-06-04,"Data, A Love Story: How I Gamed Online Dating to Meet My Match",32.13
2026-06-03,"Data, A Love Story: How I Gamed Online Dating to Meet My Match",33.0
2026-06-02,"Data, A Love Story: How I Gamed Online Dating to Meet My Match",32.85
2026-06-08,Critique of Pure Reason,19.65
2026-06-07,Critique of Pure Reason,18.82
2026-06-06,Critique of Pure Reason,18.09
2026-06-05,Critique of Pure Reason,18.74
2026-06-04,Critique of Pure Reason,18.87
2026-06-03,Critique of Pure Reason,20.3
2026-06-02,Critique of Pure Reason,21.11
2026-06-08,Booked,18.13
2026-06-07,Booked,16.68
2026-06-06,Booked,17.1
2026-06-05,Booked,16.17
2026-06-04,Booked,15.56
2026-06-03,Booked,14.22
2026-06-02,Booked,15.36
2026-06-08,"Blue Lily, Lily Blue (The Raven Cycle #3)",32.91
2026-06-07,"Blue Lily, Lily Blue (The Raven Cycle #3)",31.82
2026-06-06,"Blue Lily, Lily Blue (The Raven Cycle #3)",32.96
2026-06-05,"Blue Lily, Lily Blue (The Raven Cycle #3)",34.0
2026-06-04,"Blue Lily, Lily Blue (The Raven Cycle #3)",33.46
2026-06-03,"Blue Lily, Lily Blue (The Raven Cycle #3)",33.86
2026-06-02,"Blue Lily, Lily Blue (The Raven Cycle #3)",35.1
2026-06-08,Approval Junkie: Adventures in Caring Too Much,57.97
2026-06-07,Approval Junkie: Adventures in Caring Too Much,57.21
2026-06-06,Approval Junkie: Adventures in Caring Too Much,57.36
2026-06-05,Approval Junkie: Adventures in Caring Too Much,56.33
2026-06-04,Approval Junkie: Adventures in Caring Too Much,56.64
2026-06-03,Approval Junkie: Adventures in Caring Too Much,56.9
2026-06-02,Approval Junkie: Adventures in Caring Too Much,56.15
2026-06-08,An Abundance of Katherines,8.6
2026-06-07,An Abundance of Katherines,9.99
2026-06-06,An Abundance of Katherines,9.99
2026-06-05,An Abundance of Katherines,11.04
2026-06-04,An Abundance of Katherines,11.64
2026-06-03,An Abundance of Katherines,12.72
2026-06-02,An Abundance of Katherines,11.35
2026-06-08,America's War for the Greater Middle East: A Military History,51.95
2026-06-07,America's War for the Greater Middle East: A Military History,52.17
2026-06-06,America's War for the Greater Middle East: A Military History,53.1
2026-06-05,America's War for the Greater Middle East: A Military History,53.41
2026-06-04,America's War for the Greater Middle East: A Military History,53.9
2026-06-03,America's War for the Greater Middle East: A Military History,52.81
2026-06-02,America's War for the Greater Middle East: A Military History,53.84
2026-06-08,Alight (The Generations Trilogy #2),58.87
2026-06-07,Alight (The Generations Trilogy #2),57.71
2026-06-06,Alight (The Generations Trilogy #2),56.39
2026-06-05,Alight (The Generations Trilogy #2),55.61
2026-06-04,Alight (The Generations Trilogy #2),55.24
2026-06-03,Alight (The Generations Trilogy #2),55.13
2026-06-02,Alight (The Generations Trilogy #2),55.47
2026-06-08,A Girl's Guide to Moving On (New Beginnings #2),32.67
2026-06-07,A Girl's Guide to Moving On (New Beginnings #2),34.08
2026-06-06,A Girl's Guide to Moving On (New Beginnings #2),32.71
2026-06-05,A Girl's Guide to Moving On (New Beginnings #2),32.24
2026-06-04,A Girl's Guide to Moving On (New Beginnings #2),32.29
2026-06-03,A Girl's Guide to Moving On (New Beginnings #2),31.79
2026-06-02,A Girl's Guide to Moving On (New Beginnings #2),30.3
2026-06-08,A Game of Thrones (A Song of Ice and Fire #1),44.97
2026-06-07,A Game of Thrones (A Song of Ice and Fire #1),45.58
2026-06-06,A Game of Thrones (A Song of Ice and Fire #1),46.06
2026-06-05,A Game of Thrones (A Song of Ice and Fire #1),44.65
2026-06-04,A Game of Thrones (A Song of Ice and Fire #1),43.17
2026-06-03,A Game of Thrones (A Song of Ice and Fire #1),43.85
2026-06-02,A Game of Thrones (A Song of Ice and Fire #1),44.86
2026-06-08,A Feast for Crows (A Song of Ice and Fire #4),15.73
2026-06-07,A Feast for Crows (A Song of Ice and Fire #4),15.57
2026-06-06,A Feast for Crows (A Song of Ice and Fire #4),14.16
2026-06-05,A Feast for Crows (A Song of Ice and Fire #4),12.89
2026-06-04,A Feast for Crows (A Song of Ice and Fire #4),12.62
2026-06-03,A Feast for Crows (A Song of Ice and Fire #4),13.99
2026-06-02,A Feast for Crows (A Song of Ice and Fire #4),13.12
2026-06-08,A Clash of Kings (A Song of Ice and Fire #2),12.17
2026-06-07,A Clash of Kings (A Song of Ice and Fire #2),11.96
2026-06-06,A Clash of Kings (A Song of Ice and Fire #2),11.77
2026-06-05,A Clash of Kings (A Song of Ice and Fire #2),10.31
2026-06-04,A Clash of Kings (A Song of Ice and Fire #2),10.4
2026-06-03,A Clash of Kings (A Song of Ice and Fire #2),11.57
2026-06-02,A Clash of Kings (A Song of Ice and Fire #2),10.44
2026-06-08,Vogue Colors A to Z: A Fashion Coloring Book,52.0
2026-06-07,Vogue Colors A to Z: A Fashion Coloring Book,50.9
2026-06-06,Vogue Colors A to Z: A Fashion Coloring Book,50.35
2026-06-05,Vogue Colors A to Z: A Fashion Coloring Book,49.44
2026-06-04,Vogue Colors A to Z: A Fashion Coloring Book,49.4
2026-06-03,Vogue Colors A to Z: A Fashion Coloring Book,49.31
2026-06-02,Vogue Colors A to Z: A Fashion Coloring Book,48.6
2026-06-08,The Shining (The Shining #1),26.99
2026-06-07,The Shining (The Shining #1),27.85
2026-06-06,The Shining (The Shining #1),29.25
2026-06-05,The Shining (The Shining #1),27.9
2026-06-04,The Shining (The Shining #1),27.65
2026-06-03,The Shining (The Shining #1),28.28
2026-06-02,The Shining (The Shining #1),27.2
2026-06-08,The Pilgrim's Progress,50.38
2026-06-07,The Pilgrim's Progress,50.51
2026-06-06,The Pilgrim's Progress,49.86
2026-06-05,The Pilgrim's Progress,49.16
2026-06-04,The Pilgrim's Progress,49.46
2026-06-03,The Pilgrim's Progress,49.5
2026-06-02,The Pilgrim's Progress,49.81
2026-06-08,The Perfect Play (Play by Play #1),59.85
2026-06-07,The Perfect Play (Play by Play #1),60.1
2026-06-06,The Perfect Play (Play by Play #1),58.65
2026-06-05,The Perfect Play (Play by Play #1),60.08
2026-06-04,The Perfect Play (Play by Play #1),61.04
2026-06-03,The Perfect Play (Play by Play #1),61.13
2026-06-02,The Perfect Play (Play by Play #1),61.52
2026-06-08,The Passion of Dolssa,27.15
2026-06-07,The Passion of Dolssa,28.02
2026-06-06,The Passion of Dolssa,27.37
2026-06-05,The Passion of Dolssa,28.58
2026-06-04,The Passion of Dolssa,28.89
2026-06-03,The Passion of Dolssa,27.59
2026-06-02,The Passion of Dolssa,28.99
2026-06-08,The Jazz of Physics: The Secret Link Between Music and the Structure of the Universe,40.07
2026-06-07,The Jazz of Physics: The Secret Link Between Music and the Structure of the Universe,38.81
2026-06-06,The Jazz of Physics: The Secret Link Between Music and the Structure of the Universe,39.86
2026-06-05,The Jazz of Physics: The Secret Link Between Music and the Structure of the Universe,39.7
2026-06-04,The Jazz of Physics: The Secret Link Between Music and the Structure of the Universe,39.41
2026-06-03,The Jazz of Physics: The Secret Link Between Music and the Structure of the Universe,39.52
2026-06-02,The Jazz of Physics: The Secret Link Between Music and the Structure of the Universe,38.07
2026-06-08,The Hunger Games (The Hunger Games #1),29.07
2026-06-07,The Hunger Games (The Hunger Games #1),29.29
2026-06-06,The Hunger Games (The Hunger Games #1),27.99
2026-06-05,The Hunger Games (The Hunger Games #1),29.19
2026-06-04,The Hunger Games (The Hunger Games #1),29.89
2026-06-03,The Hunger Games (The Hunger Games #1),28.87
2026-06-02,The Hunger Games (The Hunger Games #1),29.35
2026-06-08,The Hound of the Baskervilles (Sherlock Holmes #5),15.76
2026-06-07,The Hound of the Baskervilles (Sherlock Holmes #5),15.84
2026-06-06,The Hound of the Baskervilles (Sherlock Holmes #5),17.14
2026-06-05,The Hound of the Baskervilles (Sherlock Holmes #5),18.07
2026-06-04,The Hound of the Baskervilles (Sherlock Holmes #5),17.64
2026-06-03,The Hound of the Baskervilles (Sherlock Holmes #5),18.6
2026-06-02,The Hound of the Baskervilles (Sherlock Holmes #5),19.3
2026-06-08,The Gunning of America: Business and the Making of American Gun Culture,16.09
2026-06-07,The Gunning of America: Business and the Making of American Gun Culture,16.86
2026-06-06,The Gunning of America: Business and the Making of American Gun Culture,17.05
2026-06-05,The Gunning of America: Business and the Making of American Gun Culture,18.23
2026-06-04,The Gunning of America: Business and the Making of American Gun Culture,19.41
2026-06-03,The Gunning of America: Business and the Making of American Gun Culture,20.84
2026-06-02,The Gunning of America: Business and the Making of American Gun Culture,20.13
2026-06-08,The Geography of Bliss: One Grump's Search for the Happiest Places in the World,26.74
2026-06-07,The Geography of Bliss: One Grump's Search for the Happiest Places in the World,28.08
2026-06-06,The Geography of Bliss: One Grump's Search for the Happiest Places in the World,26.98
2026-06-05,The Geography of Bliss: One Grump's Search for the Happiest Places in the World,26.43
2026-06-04,The Geography of Bliss: One Grump's Search for the Happiest Places in the World,27.92
2026-06-03,The Geography of Bliss: One Grump's Search for the Happiest Places in the World,26.83
2026-06-02,The Geography of Bliss: One Grump's Search for the Happiest Places in the World,27.26
2026-06-08,The Demonists (Demonist #1),53.03
2026-06-07,The Demonists (Demonist #1),52.56
2026-06-06,The Demonists (Demonist #1),51.9
2026-06-05,The Demonists (Demonist #1),52.26
2026-06-04,The Demonists (Demonist #1),53.5
2026-06-03,The Demonists (Demonist #1),54.64
2026-06-02,The Demonists (Demonist #1),55.83
2026-06-08,"The Demon Prince of Momochi House, Vol. 4 (The Demon Prince of Momochi House #4)",27.15
2026-06-07,"The Demon Prince of Momochi House, Vol. 4 (The Demon Prince of Momochi House #4)",27.07
2026-06-06,"The Demon Prince of Momochi House, Vol. 4 (The Demon Prince of Momochi House #4)",26.84
2026-06-05,"The Demon Prince of Momochi House, Vol. 4 (The Demon Prince of Momochi House #4)",27.5
2026-06-04,"The Demon Prince of Momochi House, Vol. 4 (The Demon Prince of Momochi House #4)",26.15
2026-06-03,"The Demon Prince of Momochi House, Vol. 4 (The Demon Prince of Momochi House #4)",25.27
2026-06-02,"The Demon Prince of Momochi House, Vol. 4 (The Demon Prince of Momochi House #4)",24.56
2026-06-08,The Bone Hunters (Lexy Vaughan & Steven Macaulay #2),59.72
2026-06-07,The Bone Hunters (Lexy Vaughan & Steven Macaulay #2),59.36
2026-06-06,The Bone Hunters (Lexy Vaughan & Steven Macaulay #2),60.04
2026-06-05,The Bone Hunters (Lexy Vaughan & Steven Macaulay #2),60.68
2026-06-04,The Bone Hunters (Lexy Vaughan & Steven Macaulay #2),59.71
2026-06-03,The Bone Hunters (Lexy Vaughan & Steven Macaulay #2),58.47
2026-06-02,The Bone Hunters (Lexy Vaughan & Steven Macaulay #2),59.48
2026-06-08,The Beast (Black Dagger Brotherhood #14),45.37
2026-06-07,The Beast (Black Dagger Brotherhood #14),46.73
2026-06-06,The Beast (Black Dagger Brotherhood #14),46.92
2026-06-05,The Beast (Black Dagger Brotherhood #14),46.27
2026-06-04,The Beast (Black Dagger Brotherhood #14),45.53
2026-06-03,The Beast (Black Dagger Brotherhood #14),44.94
2026-06-02,The Beast (Black Dagger Brotherhood #14),46.42
2026-06-08,Some Women,14.75
2026-06-07,Some Women,14.55
2026-06-06,Some Women,15.6
2026-06-05,Some Women,14.54
2026-06-04,Some Women,13.56
2026-06-03,Some Women,12.95
2026-06-02,Some Women,13.08
2026-06-08,Shopaholic Ties the Knot (Shopaholic #3),49.29
2026-06-07,Shopaholic Ties the Knot (Shopaholic #3),49.63
2026-06-06,Shopaholic Ties the Knot (Shopaholic #3),50.93
2026-06-05,Shopaholic Ties the Knot (Shopaholic #3),49.48
2026-06-04,Shopaholic Ties the Knot (Shopaholic #3),48.81
2026-06-03,Shopaholic Ties the Knot (Shopaholic #3),49.04
2026-06-02,Shopaholic Ties the Knot (Shopaholic #3),49.6
2026-06-08,Paper and Fire (The Great Library #2),50.32
2026-06-07,Paper and Fire (The Great Library #2),50.89
2026-06-06,Paper and Fire (The Great Library #2),49.47
2026-06-05,Paper and Fire (The Great Library #2),49.69
2026-06-04,Paper and Fire (The Great Library #2),51.07
2026-06-03,Paper and Fire (The Great Library #2),50.18
2026-06-02,Paper and Fire (The Great Library #2),49.98
2026-06-08,Outlander (Outlander #1),18.41
2026-06-07,Outlander (Outlander #1),19.55
2026-06-06,Outlander (Outlander #1),19.09
2026-06-05,Outlander (Outlander #1),18.01
2026-06-04,Outlander (Outlander #1),19.05
2026-06-03,Outlander (Outlander #1),19.4
2026-06-02,Outlander (Outlander #1),18.23
2026-06-08,"Orchestra of Exiles: The Story of Bronislaw Huberman, the Israel Philharmonic, and the One Thousand Jews He Saved from Nazi Horrors",13.19
2026-06-07,"Orchestra of Exiles: The Story of Bronislaw Huberman, the Israel Philharmonic, and the One Thousand Jews He Saved from Nazi Horrors",13.5
2026-06-06,"Orchestra of Exiles: The Story of Bronislaw Huberman, the Israel Philharmonic, and the One Thousand Jews He Saved from Nazi Horrors",12.67
2026-06-05,"Orchestra of Exiles: The Story of Bronislaw Huberman, the Israel Philharmonic, and the One Thousand Jews He Saved from Nazi Horrors",11.24
2026-06-04,"Orchestra of Exiles: The Story of Bronislaw Huberman, the Israel Philharmonic, and the One Thousand Jews He Saved from Nazi Horrors",11.58
2026-06-03,"Orchestra of Exiles: The Story of Bronislaw Huberman, the Israel Philharmonic, and the One Thousand Jews He Saved from Nazi Horrors",10.84
2026-06-02,"Orchestra of Exiles: The Story of Bronislaw Huberman, the Israel Philharmonic, and the One Thousand Jews He Saved from Nazi Horrors",11.82
2026-06-08,No One Here Gets Out Alive,19.91
2026-06-07,No One Here Gets Out Alive,18.66
2026-06-06,No One Here Gets Out Alive,18.98
2026-06-05,No One Here Gets Out Alive,19.98
2026-06-04,No One Here Gets Out Alive,19.58
2026-06-03,No One Here Gets Out Alive,19.46
2026-06-02,No One Here Gets Out Alive,18.08
2026-06-08,Night Shift (Night Shift #1-20),12.43
2026-06-07,Night Shift (Night Shift #1-20),12.64
2026-06-06,Night Shift (Night Shift #1-20),11.42
2026-06-05,Night Shift (Night Shift #1-20),11.51
2026-06-04,Night Shift (Night Shift #1-20),12.04
2026-06-03,Night Shift (Night Shift #1-20),13.31
2026-06-02,Night Shift (Night Shift #1-20),12.36
2026-06-08,Needful Things,48.71
2026-06-07,Needful Things,49.37
2026-06-06,Needful Things,49.25
2026-06-05,Needful Things,49.81
2026-06-04,Needful Things,50.44
2026-06-03,Needful Things,51.25
2026-06-02,Needful Things,51.51
2026-06-08,Mockingjay (The Hunger Games #3),21.54
2026-06-07,Mockingjay (The Hunger Games #3),20.62
2026-06-06,Mockingjay (The Hunger Games #3),20.52
2026-06-05,Mockingjay (The Hunger Games #3),19.13
2026-06-04,Mockingjay (The Hunger Games #3),20.09
2026-06-03,Mockingjay (The Hunger Games #3),19.94
2026-06-02,Mockingjay (The Hunger Games #3),18.65
2026-06-08,Misery,35.54
2026-06-07,Misery,36.45
2026-06-06,Misery,36.53
2026-06-05,Misery,36.55
2026-06-04,Misery,36.99
2026-06-03,Misery,38.31
2026-06-02,Misery,37.96
2026-06-08,Little Women (Little Women #1),28.24
2026-06-07,Little Women (Little Women #1),29.06
2026-06-06,Little Women (Little Women #1),28.0
2026-06-05,Little Women (Little Women #1),29.16
2026-06-04,Little Women (Little Women #1),27.89
2026-06-03,Little Women (Little Women #1),27.44
2026-06-02,Little Women (Little Women #1),27.52
2026-06-08,It,25.86
2026-06-07,It,27.11
2026-06-06,It,28.49
2026-06-05,It,29.92
2026-06-04,It,31.01
2026-06-03,It,32.18
2026-06-02,It,31.87
2026-06-08,Harry Potter and the Sorcerer's Stone (Harry Potter #1),14.53
2026-06-07,Harry Potter and the Sorcerer's Stone (Harry Potter #1),15.92
2026-06-06,Harry Potter and the Sorcerer's Stone (Harry Potter #1),15.97
2026-06-05,Harry Potter and the Sorcerer's Stone (Harry Potter #1),15.82
2026-06-04,Harry Potter and the Sorcerer's Stone (Harry Potter #1),15.65
2026-06-03,Harry Potter and the Sorcerer's Stone (Harry Potter #1),15.61
2026-06-02,Harry Potter and the Sorcerer's Stone (Harry Potter #1),14.6
2026-06-08,Harry Potter and the Prisoner of Azkaban (Harry Potter #3),24.96
2026-06-07,Harry Potter and the Prisoner of Azkaban (Harry Potter #3),24.05
2026-06-06,Harry Potter and the Prisoner of Azkaban (Harry Potter #3),23.3
2026-06-05,Harry Potter and the Prisoner of Azkaban (Harry Potter #3),23.27
2026-06-04,Harry Potter and the Prisoner of Azkaban (Harry Potter #3),23.42
2026-06-03,Harry Potter and the Prisoner of Azkaban (Harry Potter #3),23.0
2026-06-02,Harry Potter and the Prisoner of Azkaban (Harry Potter #3),24.17
2026-06-08,Harry Potter and the Order of the Phoenix (Harry Potter #5),31.49
2026-06-07,Harry Potter and the Order of the Phoenix (Harry Potter #5),32.84
2026-06-06,Harry Potter and the Order of the Phoenix (Harry Potter #5),33.21
2026-06-05,Harry Potter and the Order of the Phoenix (Harry Potter #5),32.59
2026-06-04,Harry Potter and the Order of the Phoenix (Harry Potter #5),32.39
2026-06-03,Harry Potter and the Order of the Phoenix (Harry Potter #5),32.13
2026-06-02,Harry Potter and the Order of the Phoenix (Harry Potter #5),32.36
2026-06-08,Harry Potter and the Half-Blood Prince (Harry Potter #6),48.89
2026-06-07,Harry Potter and the Half-Blood Prince (Harry Potter #6),49.02
2026-06-06,Harry Potter and the Half-Blood Prince (Harry Potter #6),48.91
2026-06-05,Harry Potter and the Half-Blood Prince (Harry Potter #6),47.8
2026-06-04,Harry Potter and the Half-Blood Prince (Harry Potter #6),48.34
2026-06-03,Harry Potter and the Half-Blood Prince (Harry Potter #6),47.63
2026-06-02,Harry Potter and the Half-Blood Prince (Harry Potter #6),48.52
2026-06-08,Harry Potter and the Chamber of Secrets (Harry Potter #2),15.61
2026-06-07,Harry Potter and the Chamber of Secrets (Harry Potter #2),16.11
2026-06-06,Harry Potter and the Chamber of Secrets (Harry Potter #2),14.63
2026-06-05,Harry Potter and the Chamber of Secrets (Harry Potter #2),15.42
2026-06-04,Harry Potter and the Chamber of Secrets (Harry Potter #2),14.41
2026-06-03,Harry Potter and the Chamber of Secrets (Harry Potter #2),13.93
2026-06-02,Harry Potter and the Chamber of Secrets (Harry Potter #2),14.66
2026-06-08,Gone with the Wind,33.53
2026-06-07,Gone with the Wind,32.5
2026-06-06,Gone with the Wind,33.19
2026-06-05,Gone with the Wind,32.73
2026-06-04,Gone with the Wind,33.96
2026-06-03,Gone with the Wind,35.1
2026-06-02,Gone with the Wind,34.37
2026-06-08,God Is Not Great: How Religion Poisons Everything,27.78
2026-06-07,God Is Not Great: How Religion Poisons Everything,28.02
2026-06-06,God Is Not Great: How Religion Poisons Everything,28.02
2026-06-05,God Is Not Great: How Religion Poisons Everything,27.7
2026-06-04,God Is Not Great: How Religion Poisons Everything,26.25
2026-06-03,God Is Not Great: How Religion Poisons Everything,27.75
2026-06-02,God Is Not Great: How Religion Poisons Everything,29.12
2026-06-08,Girl With a Pearl Earring,26.81
2026-06-07,Girl With a Pearl Earring,27.53
2026-06-06,Girl With a Pearl Earring,27.0
2026-06-05,Girl With a Pearl Earring,27.64
2026-06-04,Girl With a Pearl Earring,27.08
2026-06-03,Girl With a Pearl Earring,27.0
2026-06-02,Girl With a Pearl Earring,28.17
2026-06-08,"Fruits Basket, Vol. 4 (Fruits Basket #4)",51.51
2026-06-07,"Fruits Basket, Vol. 4 (Fruits Basket #4)",52.9
2026-06-06,"Fruits Basket, Vol. 4 (Fruits Basket #4)",53.74
2026-06-05,"Fruits Basket, Vol. 4 (Fruits Basket #4)",54.0
2026-06-04,"Fruits Basket, Vol. 4 (Fruits Basket #4)",54.78
2026-06-03,"Fruits Basket, Vol. 4 (Fruits Basket #4)",55.08
2026-06-02,"Fruits Basket, Vol. 4 (Fruits Basket #4)",54.18
2026-06-08,Far From True (Promise Falls Trilogy #2),35.85
2026-06-07,Far From True (Promise Falls Trilogy #2),34.8
2026-06-06,Far From True (Promise Falls Trilogy #2),34.77
2026-06-05,Far From True (Promise Falls Trilogy #2),33.46
2026-06-04,Far From True (Promise Falls Trilogy #2),34.76
2026-06-03,Far From True (Promise Falls Trilogy #2),33.87
2026-06-02,Far From True (Promise Falls Trilogy #2),32.87
2026-06-08,Dark Lover (Black Dagger Brotherhood #1),11.61
2026-06-07,Dark Lover (Black Dagger Brotherhood #1),12.47
2026-06-06,Dark Lover (Black Dagger Brotherhood #1),11.32
2026-06-05,Dark Lover (Black Dagger Brotherhood #1),11.76
2026-06-04,Dark Lover (Black Dagger Brotherhood #1),10.47
2026-06-03,Dark Lover (Black Dagger Brotherhood #1),10.0
2026-06-02,Dark Lover (Black Dagger Brotherhood #1),10.4
2026-06-08,Confessions of a Shopaholic (Shopaholic #1),48.0
2026-06-07,Confessions of a Shopaholic (Shopaholic #1),49.47
2026-06-06,Confessions of a Shopaholic (Shopaholic #1),50.71
2026-06-05,Confessions of a Shopaholic (Shopaholic #1),50.34
2026-06-04,Confessions of a Shopaholic (Shopaholic #1),50.78
2026-06-03,Confessions of a Shopaholic (Shopaholic #1),51.33
2026-06-02,Confessions of a Shopaholic (Shopaholic #1),49.91
2026-06-08,Changing the Game (Play by Play #2),13.03
2026-06-07,Changing the Game (Play by Play #2),13.95
2026-06-06,Changing the Game (Play by Play #2),12.98
2026-06-05,Changing the Game (Play by Play #2),12.52
2026-06-04,Changing the Game (Play by Play #2),13.51
2026-06-03,Changing the Game (Play by Play #2),14.0
2026-06-02,Changing the Game (Play by Play #2),14.99
2026-06-08,Candide,58.57
2026-06-07,Candide,57.63
2026-06-06,Candide,58.53
2026-06-05,Candide,59.09
2026-06-04,Candide,60.42
2026-06-03,Candide,61.16
2026-06-02,Candide,60.83
2026-06-08,Can You Keep a Secret?,20.71
2026-06-07,Can You Keep a Secret?,20.69
2026-06-06,Can You Keep a Secret?,21.34
2026-06-05,Can You Keep a Secret?,19.88
2026-06-04,Can You Keep a Secret?,18.47
2026-06-03,Can You Keep a Secret?,19.24
2026-06-02,Can You Keep a Secret?,19.08
2026-06-08,Atlas Shrugged,26.36
2026-06-07,Atlas Shrugged,26.47
2026-06-06,Atlas Shrugged,27.53
2026-06-05,Atlas Shrugged,28.45
2026-06-04,Atlas Shrugged,29.25
2026-06-03,Atlas Shrugged,27.94
2026-06-02,Atlas Shrugged,26.53
2026-06-08,Animal Farm,57.81
2026-06-07,Animal Farm,57.16
2026-06-06,Animal Farm,55.71
2026-06-05,Animal Farm,56.59
2026-06-04,Animal Farm,56.79
2026-06-03,Animal Farm,55.94
2026-06-02,Animal Farm,56.41
2026-06-08,A Walk to Remember,55.71
2026-06-07,A Walk to Remember,55.39
2026-06-06,A Walk to Remember,55.76
2026-06-05,A Walk to Remember,56.16
2026-06-04,A Walk to Remember,56.22
2026-06-03,A Walk to Remember,57.49
2026-06-02,A Walk to Remember,58.53
2026-06-08,A New Earth: Awakening to Your Life's Purpose,56.74
2026-06-07,A New Earth: Awakening to Your Life's Purpose,57.12
2026-06-06,A New Earth: Awakening to Your Life's Purpose,57.32
2026-06-05,A New Earth: Awakening to Your Life's Purpose,56.14
2026-06-04,A New Earth: Awakening to Your Life's Purpose,57.63
2026-06-03,A New Earth: Awakening to Your Life's Purpose,58.54
2026-06-02,A New Earth: Awakening to Your Life's Purpose,59.67
2026-06-08,"A History of God: The 4,000-Year Quest of Judaism, Christianity, and Islam",26.85
2026-06-07,"A History of God: The 4,000-Year Quest of Judaism, Christianity, and Islam",27.04
2026-06-06,"A History of God: The 4,000-Year Quest of Judaism, Christianity, and Islam",26.78
2026-06-05,"A History of God: The 4,000-Year Quest of Judaism, Christianity, and Islam",25.72
2026-06-04,"A History of God: The 4,000-Year Quest of Judaism, Christianity, and Islam",26.42
2026-06-03,"A History of God: The 4,000-Year Quest of Judaism, Christianity, and Islam",26.34
2026-06-02,"A History of God: The 4,000-Year Quest of Judaism, Christianity, and Islam",25.48
2026-06-08,'Salem's Lot,50.85
2026-06-07,'Salem's Lot,52.29
2026-06-06,'Salem's Lot,52.08
2026-06-05,'Salem's Lot,52.81
2026-06-04,'Salem's Lot,51.57
2026-06-03,'Salem's Lot,52.63
2026-06-02,'Salem's Lot,53.47
2026-06-08,Zero History (Blue Ant #3),33.42
2026-06-07,Zero History (Blue Ant #3),34.4
2026-06-06,Zero History (Blue Ant #3),33.3
2026-06-05,Zero History (Blue Ant #3),32.74
2026-06-04,Zero History (Blue Ant #3),33.39
2026-06-03,Zero History (Blue Ant #3),33.32
2026-06-02,Zero History (Blue Ant #3),31.94
2026-06-08,Wuthering Heights,16.4
2026-06-07,Wuthering Heights,15.82
2026-06-06,Wuthering Heights,14.34
2026-06-05,Wuthering Heights,15.19
2026-06-04,Wuthering Heights,15.78
2026-06-03,Wuthering Heights,16.16
2026-06-02,Wuthering Heights,15.75
2026-06-08,World War Z: An Oral History of the Zombie War,21.33
2026-06-07,World War Z: An Oral History of the Zombie War,22.24
2026-06-06,World War Z: An Oral History of the Zombie War,20.84
2026-06-05,World War Z: An Oral History of the Zombie War,22.03
2026-06-04,World War Z: An Oral History of the Zombie War,21.4
2026-06-03,World War Z: An Oral History of the Zombie War,22.45
2026-06-02,World War Z: An Oral History of the Zombie War,23.0
2026-06-08,Wild: From Lost to Found on the Pacific Crest Trail,45.82
2026-06-07,Wild: From Lost to Found on the Pacific Crest Trail,44.5
2026-06-06,Wild: From Lost to Found on the Pacific Crest Trail,44.06
2026-06-05,Wild: From Lost to Found on the Pacific Crest Trail,43.01
2026-06-04,Wild: From Lost to Found on the Pacific Crest Trail,44.29
2026-06-03,Wild: From Lost to Found on the Pacific Crest Trail,44.85
2026-06-02,Wild: From Lost to Found on the Pacific Crest Trail,43.68
2026-06-08,"Where'd You Go, Bernadette",18.31
2026-06-07,"Where'd You Go, Bernadette",18.24
2026-06-06,"Where'd You Go, Bernadette",18.1
2026-06-05,"Where'd You Go, Bernadette",16.63
2026-06-04,"Where'd You Go, Bernadette",16.52
2026-06-03,"Where'd You Go, Bernadette",16.97
2026-06-02,"Where'd You Go, Bernadette",18.08
2026-06-08,When You Are Engulfed in Flames,31.0
2026-06-07,When You Are Engulfed in Flames,30.94
2026-06-06,When You Are Engulfed in Flames,29.54
2026-06-05,When You Are Engulfed in Flames,31.01
2026-06-04,When You Are Engulfed in Flames,29.88
2026-06-03,When You Are Engulfed in Flames,28.97
2026-06-02,When You Are Engulfed in Flames,28.9
2026-06-08,We the People: The Modern-Day Figures Who Have Reshaped and Affirmed the Founding Fathers' Vision of America,31.02
2026-06-07,We the People: The Modern-Day Figures Who Have Reshaped and Affirmed the Founding Fathers' Vision of America,30.93
2026-06-06,We the People: The Modern-Day Figures Who Have Reshaped and Affirmed the Founding Fathers' Vision of America,31.61
2026-06-05,We the People: The Modern-Day Figures Who Have Reshaped and Affirmed the Founding Fathers' Vision of America,31.29
2026-06-04,We the People: The Modern-Day Figures Who Have Reshaped and Affirmed the Founding Fathers' Vision of America,30.09
2026-06-03,We the People: The Modern-Day Figures Who Have Reshaped and Affirmed the Founding Fathers' Vision of America,31.58
2026-06-02,We the People: The Modern-Day Figures Who Have Reshaped and Affirmed the Founding Fathers' Vision of America,31.41
2026-06-08,We Are All Completely Beside Ourselves,24.3
2026-06-07,We Are All Completely Beside Ourselves,22.87
2026-06-06,We Are All Completely Beside Ourselves,21.44
2026-06-05,We Are All Completely Beside Ourselves,22.66
2026-06-04,We Are All Completely Beside Ourselves,23.43
2026-06-03,We Are All Completely Beside Ourselves,24.88
2026-06-02,We Are All Completely Beside Ourselves,25.18
2026-06-08,Walk the Edge (Thunder Road #2),31.14
2026-06-07,Walk the Edge (Thunder Road #2),31.74
2026-06-06,Walk the Edge (Thunder Road #2),32.58
2026-06-05,Walk the Edge (Thunder Road #2),33.08
2026-06-04,Walk the Edge (Thunder Road #2),34.47
2026-06-03,Walk the Edge (Thunder Road #2),35.23
2026-06-02,Walk the Edge (Thunder Road #2),35.63
2026-06-08,Voyager (Outlander #3),22.2
2026-06-07,Voyager (Outlander #3),20.99
2026-06-06,Voyager (Outlander #3),19.7
2026-06-05,Voyager (Outlander #3),18.75
2026-06-04,Voyager (Outlander #3),18.87
2026-06-03,Voyager (Outlander #3),19.42
2026-06-02,Voyager (Outlander #3),20.18
2026-06-08,Very Good Lives: The Fringe Benefits of Failure and the Importance of Imagination,51.44
2026-06-07,Very Good Lives: The Fringe Benefits of Failure and the Importance of Imagination,51.11
2026-06-06,Very Good Lives: The Fringe Benefits of Failure and the Importance of Imagination,51.96
2026-06-05,Very Good Lives: The Fringe Benefits of Failure and the Importance of Imagination,50.64
2026-06-04,Very Good Lives: The Fringe Benefits of Failure and the Importance of Imagination,49.6
2026-06-03,Very Good Lives: The Fringe Benefits of Failure and the Importance of Imagination,49.72
2026-06-02,Very Good Lives: The Fringe Benefits of Failure and the Importance of Imagination,50.94
2026-06-08,Vegan Vegetarian Omnivore: Dinner for Everyone at the Table,14.49
2026-06-07,Vegan Vegetarian Omnivore: Dinner for Everyone at the Table,15.11
2026-06-06,Vegan Vegetarian Omnivore: Dinner for Everyone at the Table,14.67
2026-06-05,Vegan Vegetarian Omnivore: Dinner for Everyone at the Table,15.61
2026-06-04,Vegan Vegetarian Omnivore: Dinner for Everyone at the Table,15.37
2026-06-03,Vegan Vegetarian Omnivore: Dinner for Everyone at the Table,14.11
2026-06-02,Vegan Vegetarian Omnivore: Dinner for Everyone at the Table,13.97
2026-06-08,"Unstuffed: Decluttering Your Home, Mind, and Soul",58.66
2026-06-07,"Unstuffed: Decluttering Your Home, Mind, and Soul",57.35
2026-06-06,"Unstuffed: Decluttering Your Home, Mind, and Soul",57.03
2026-06-05,"Unstuffed: Decluttering Your Home, Mind, and Soul",57.25
2026-06-04,"Unstuffed: Decluttering Your Home, Mind, and Soul",58.14
2026-06-03,"Unstuffed: Decluttering Your Home, Mind, and Soul",57.65
2026-06-02,"Unstuffed: Decluttering Your Home, Mind, and Soul",58.54
2026-06-08,Under the Banner of Heaven: A Story of Violent Faith,31.03
2026-06-07,Under the Banner of Heaven: A Story of Violent Faith,29.96
2026-06-06,Under the Banner of Heaven: A Story of Violent Faith,30.03
2026-06-05,Under the Banner of Heaven: A Story of Violent Faith,29.12
2026-06-04,Under the Banner of Heaven: A Story of Violent Faith,30.31
2026-06-03,Under the Banner of Heaven: A Story of Violent Faith,30.05
2026-06-02,Under the Banner of Heaven: A Story of Violent Faith,31.14
2026-06-08,Two Boys Kissing,34.18
2026-06-07,Two Boys Kissing,35.45
2026-06-06,Two Boys Kissing,34.0
2026-06-05,Two Boys Kissing,34.58
2026-06-04,Two Boys Kissing,35.41
2026-06-03,Two Boys Kissing,35.07
2026-06-02,Two Boys Kissing,34.46
2026-06-08,Twilight (Twilight #1),42.77
2026-06-07,Twilight (Twilight #1),43.37
2026-06-06,Twilight (Twilight #1),44.02
2026-06-05,Twilight (Twilight #1),42.67
2026-06-04,Twilight (Twilight #1),42.17
2026-06-03,Twilight (Twilight #1),43.53
2026-06-02,Twilight (Twilight #1),43.01
2026-06-08,Twenties Girl,43.09
2026-06-07,Twenties Girl,42.47
2026-06-06,Twenties Girl,43.3
2026-06-05,Twenties Girl,42.28
2026-06-04,Twenties Girl,42.7
2026-06-03,Twenties Girl,41.38
2026-06-02,Twenties Girl,41.52
2026-06-08,"Trespassing Across America: One Man's Epic, Never-Done-Before (and Sort of Illegal) Hike Across the Heartland",53.49
2026-06-07,"Trespassing Across America: One Man's Epic, Never-Done-Before (and Sort of Illegal) Hike Across the Heartland",53.72
2026-06-06,"Trespassing Across America: One Man's Epic, Never-Done-Before (and Sort of Illegal) Hike Across the Heartland",54.42
2026-06-05,"Trespassing Across America: One Man's Epic, Never-Done-Before (and Sort of Illegal) Hike Across the Heartland",55.11
2026-06-04,"Trespassing Across America: One Man's Epic, Never-Done-Before (and Sort of Illegal) Hike Across the Heartland",56.21
2026-06-03,"Trespassing Across America: One Man's Epic, Never-Done-Before (and Sort of Illegal) Hike Across the Heartland",55.7
2026-06-02,"Trespassing Across America: One Man's Epic, Never-Done-Before (and Sort of Illegal) Hike Across the Heartland",54.97
2026-06-08,Three-Martini Lunch,24.33
2026-06-07,Three-Martini Lunch,23.95
2026-06-06,Three-Martini Lunch,24.62
2026-06-05,Three-Martini Lunch,25.2
2026-06-04,Three-Martini Lunch,24.49
2026-06-03,Three-Martini Lunch,25.95
2026-06-02,Three-Martini Lunch,26.14
2026-06-08,"Thinking, Fast and Slow",21.75
2026-06-07,"Thinking, Fast and Slow",21.51
2026-06-06,"Thinking, Fast and Slow",20.99
2026-06-05,"Thinking, Fast and Slow",21.99
2026-06-04,"Thinking, Fast and Slow",21.78
2026-06-03,"Thinking, Fast and Slow",20.82
2026-06-02,"Thinking, Fast and Slow",21.64
2026-06-08,The Wild Robot,54.68
2026-06-07,The Wild Robot,54.61
2026-06-06,The Wild Robot,55.36
2026-06-05,The Wild Robot,56.44
2026-06-04,The Wild Robot,55.69
2026-06-03,The Wild Robot,54.99
2026-06-02,The Wild Robot,53.52
2026-06-08,"The Wicked + The Divine, Vol. 3: Commercial Suicide (The Wicked + The Divine)",14.05
2026-06-07,"The Wicked + The Divine, Vol. 3: Commercial Suicide (The Wicked + The Divine)",14.21
2026-06-06,"The Wicked + The Divine, Vol. 3: Commercial Suicide (The Wicked + The Divine)",13.89
2026-06-05,"The Wicked + The Divine, Vol. 3: Commercial Suicide (The Wicked + The Divine)",14.63
2026-06-04,"The Wicked + The Divine, Vol. 3: Commercial Suicide (The Wicked + The Divine)",16.07
2026-06-03,"The Wicked + The Divine, Vol. 3: Commercial Suicide (The Wicked + The Divine)",14.79
2026-06-02,"The Wicked + The Divine, Vol. 3: Commercial Suicide (The Wicked + The Divine)",15.52
2026-06-08,The Undomestic Goddess,45.44
2026-06-07,The Undomestic Goddess,46.45
2026-06-06,The Undomestic Goddess,45.99
2026-06-05,The Undomestic Goddess,45.64
2026-06-04,The Undomestic Goddess,45.84
2026-06-03,The Undomestic Goddess,46.48
2026-06-02,The Undomestic Goddess,47.1
2026-06-08,The Travelers,16.89
2026-06-07,The Travelers,17.07
2026-06-06,The Travelers,17.81
2026-06-05,The Travelers,19.29
2026-06-04,The Travelers,18.67
2026-06-03,The Travelers,17.95
2026-06-02,The Travelers,16.69
2026-06-08,The Tipping Point: How Little Things Can Make a Big Difference,9.86
2026-06-07,The Tipping Point: How Little Things Can Make a Big Difference,11.31
2026-06-06,The Tipping Point: How Little Things Can Make a Big Difference,10.78
2026-06-05,The Tipping Point: How Little Things Can Make a Big Difference,11.26
2026-06-04,The Tipping Point: How Little Things Can Make a Big Difference,10.71
2026-06-03,The Tipping Point: How Little Things Can Make a Big Difference,10.01
2026-06-02,The Tipping Point: How Little Things Can Make a Big Difference,11.22
2026-06-08,The Thing About Jellyfish,47.79
2026-06-07,The Thing About Jellyfish,48.13
2026-06-06,The Thing About Jellyfish,49.36
2026-06-05,The Thing About Jellyfish,50.59
2026-06-04,The Thing About Jellyfish,50.16
2026-06-03,The Thing About Jellyfish,51.32
2026-06-02,The Thing About Jellyfish,52.06
2026-06-08,The Stand,56.46
2026-06-07,The Stand,55.28
2026-06-06,The Stand,56.35
2026-06-05,The Stand,55.01
2026-06-04,The Stand,53.56
2026-06-03,The Stand,53.05
2026-06-02,The Stand,52.29
2026-06-08,The Smitten Kitchen Cookbook,23.24
2026-06-07,The Smitten Kitchen Cookbook,24.44
2026-06-06,The Smitten Kitchen Cookbook,24.13
2026-06-05,The Smitten Kitchen Cookbook,25.19
2026-06-04,The Smitten Kitchen Cookbook,25.66
2026-06-03,The Smitten Kitchen Cookbook,24.44
2026-06-02,The Smitten Kitchen Cookbook,24.92
2026-06-08,The Silkworm (Cormoran Strike #2),24.44
2026-06-07,The Silkworm (Cormoran Strike #2),24.0
2026-06-06,The Silkworm (Cormoran Strike #2),25.43
2026-06-05,The Silkworm (Cormoran Strike #2),25.36
2026-06-04,The Silkworm (Cormoran Strike #2),24.85
2026-06-03,The Silkworm (Cormoran Strike #2),24.71
2026-06-02,The Silkworm (Cormoran Strike #2),25.98
2026-06-08,"The Sandman, Vol. 3: Dream Country (The Sandman (volumes) #3)",54.12
2026-06-07,"The Sandman, Vol. 3: Dream Country (The Sandman (volumes) #3)",55.09
2026-06-06,"The Sandman, Vol. 3: Dream Country (The Sandman (volumes) #3)",54.12
2026-06-05,"The Sandman, Vol. 3: Dream Country (The Sandman (volumes) #3)",55.2
2026-06-04,"The Sandman, Vol. 3: Dream Country (The Sandman (volumes) #3)",54.08
2026-06-03,"The Sandman, Vol. 3: Dream Country (The Sandman (volumes) #3)",55.07
2026-06-02,"The Sandman, Vol. 3: Dream Country (The Sandman (volumes) #3)",56.43
2026-06-08,The Rose & the Dagger (The Wrath and the Dawn #2),59.58
2026-06-07,The Rose & the Dagger (The Wrath and the Dawn #2),58.36
2026-06-06,The Rose & the Dagger (The Wrath and the Dawn #2),58.89
2026-06-05,The Rose & the Dagger (The Wrath and the Dawn #2),60.34
2026-06-04,The Rose & the Dagger (The Wrath and the Dawn #2),60.24
2026-06-03,The Rose & the Dagger (The Wrath and the Dawn #2),60.83
2026-06-02,The Rose & the Dagger (The Wrath and the Dawn #2),61.69
2026-06-08,The Road to Little Dribbling: Adventures of an American in Britain (Notes From a Small Island #2),22.76
2026-06-07,The Road to Little Dribbling: Adventures of an American in Britain (Notes From a Small Island #2),22.98
2026-06-06,The Road to Little Dribbling: Adventures of an American in Britain (Notes From a Small Island #2),22.0
2026-06-05,The Road to Little Dribbling: Adventures of an American in Britain (Notes From a Small Island #2),22.72
2026-06-04,The Road to Little Dribbling: Adventures of an American in Britain (Notes From a Small Island #2),21.4
2026-06-03,The Road to Little Dribbling: Adventures of an American in Britain (Notes From a Small Island #2),21.8
2026-06-02,The Road to Little Dribbling: Adventures of an American in Britain (Notes From a Small Island #2),22.63
2026-06-08,The Rise of Theodore Roosevelt (Theodore Roosevelt #1),42.58
2026-06-07,The Rise of Theodore Roosevelt (Theodore Roosevelt #1),41.25
2026-06-06,The Rise of Theodore Roosevelt (Theodore Roosevelt #1),40.61
2026-06-05,The Rise of Theodore Roosevelt (Theodore Roosevelt #1),40.02
2026-06-04,The Rise of Theodore Roosevelt (Theodore Roosevelt #1),39.39
2026-06-03,The Rise of Theodore Roosevelt (Theodore Roosevelt #1),39.69
2026-06-02,The Rise of Theodore Roosevelt (Theodore Roosevelt #1),40.6
2026-06-08,The Restaurant at the End of the Universe (Hitchhiker's Guide to the Galaxy #2),12.4
2026-06-07,The Restaurant at the End of the Universe (Hitchhiker's Guide to the Galaxy #2),12.72
2026-06-06,The Restaurant at the End of the Universe (Hitchhiker's Guide to the Galaxy #2),13.33
2026-06-05,The Restaurant at the End of the Universe (Hitchhiker's Guide to the Galaxy #2),13.93
2026-06-04,The Restaurant at the End of the Universe (Hitchhiker's Guide to the Galaxy #2),15.28
2026-06-03,The Restaurant at the End of the Universe (Hitchhiker's Guide to the Galaxy #2),16.09
2026-06-02,The Restaurant at the End of the Universe (Hitchhiker's Guide to the Galaxy #2),14.92
2026-06-08,The Rest Is Noise: Listening to the Twentieth Century,34.01
2026-06-07,The Rest Is Noise: Listening to the Twentieth Century,35.12
2026-06-06,The Rest Is Noise: Listening to the Twentieth Century,35.46
2026-06-05,The Rest Is Noise: Listening to the Twentieth Century,34.79
2026-06-04,The Rest Is Noise: Listening to the Twentieth Century,34.95
2026-06-03,The Rest Is Noise: Listening to the Twentieth Century,35.06
2026-06-02,The Rest Is Noise: Listening to the Twentieth Century,34.91
2026-06-08,The Red Tent,36.26
2026-06-07,The Red Tent,37.32
2026-06-06,The Red Tent,36.19
2026-06-05,The Red Tent,36.14
2026-06-04,The Red Tent,35.23
2026-06-03,The Red Tent,33.91
2026-06-02,The Red Tent,34.2
2026-06-08,The Purpose Driven Life: What on Earth Am I Here for?,37.1
2026-06-07,The Purpose Driven Life: What on Earth Am I Here for?,37.54
2026-06-06,The Purpose Driven Life: What on Earth Am I Here for?,36.06
2026-06-05,The Purpose Driven Life: What on Earth Am I Here for?,37.31
2026-06-04,The Purpose Driven Life: What on Earth Am I Here for?,36.98
2026-06-03,The Purpose Driven Life: What on Earth Am I Here for?,38.01
2026-06-02,The Purpose Driven Life: What on Earth Am I Here for?,39.46
2026-06-08,The Purest Hook (Second Circle Tattoos #3),13.62
2026-06-07,The Purest Hook (Second Circle Tattoos #3),12.33
2026-06-06,The Purest Hook (Second Circle Tattoos #3),13.57
2026-06-05,The Purest Hook (Second Circle Tattoos #3),14.09
2026-06-04,The Purest Hook (Second Circle Tattoos #3),13.98
2026-06-03,The Purest Hook (Second Circle Tattoos #3),13.49
2026-06-02,The Purest Hook (Second Circle Tattoos #3),13.25
2026-06-08,The Picture of Dorian Gray,28.21
2026-06-07,The Picture of Dorian Gray,27.63
2026-06-06,The Picture of Dorian Gray,27.01
2026-06-05,The Picture of Dorian Gray,28.38
2026-06-04,The Picture of Dorian Gray,29.62
2026-06-03,The Picture of Dorian Gray,28.6
2026-06-02,The Picture of Dorian Gray,27.78
2026-06-08,The Paris Wife,35.38
2026-06-07,The Paris Wife,34.12
2026-06-06,The Paris Wife,33.49
2026-06-05,The Paris Wife,33.09
2026-06-04,The Paris Wife,31.72
2026-06-03,The Paris Wife,30.35
2026-06-02,The Paris Wife,29.31
2026-06-08,The Obsession,46.91
2026-06-07,The Obsession,46.7
2026-06-06,The Obsession,45.89
2026-06-05,The Obsession,46.19
2026-06-04,The Obsession,46.85
2026-06-03,The Obsession,47.9
2026-06-02,The Obsession,47.08
2026-06-08,The Nightingale,26.94
2026-06-07,The Nightingale,27.55
2026-06-06,The Nightingale,27.15
2026-06-05,The Nightingale,26.3
2026-06-04,The Nightingale,25.11
2026-06-03,The Nightingale,25.85
2026-06-02,The Nightingale,24.77
2026-06-08,The New Guy (and Other Senior Year Distractions),45.25
2026-06-07,The New Guy (and Other Senior Year Distractions),44.56
2026-06-06,The New Guy (and Other Senior Year Distractions),44.43
2026-06-05,The New Guy (and Other Senior Year Distractions),42.94
2026-06-04,The New Guy (and Other Senior Year Distractions),44.07
2026-06-03,The New Guy (and Other Senior Year Distractions),44.58
2026-06-02,The New Guy (and Other Senior Year Distractions),45.18
2026-06-08,The Nanny Diaries (Nanny #1),51.94
2026-06-07,The Nanny Diaries (Nanny #1),51.46
2026-06-06,The Nanny Diaries (Nanny #1),52.33
2026-06-05,The Nanny Diaries (Nanny #1),53.07
2026-06-04,The Nanny Diaries (Nanny #1),54.52
2026-06-03,The Nanny Diaries (Nanny #1),54.69
2026-06-02,The Nanny Diaries (Nanny #1),55.02
2026-06-08,The Name of God is Mercy,38.08
2026-06-07,The Name of God is Mercy,36.98
2026-06-06,The Name of God is Mercy,37.82
2026-06-05,The Name of God is Mercy,37.38
2026-06-04,The Name of God is Mercy,36.41
2026-06-03,The Name of God is Mercy,36.19
2026-06-02,The Name of God is Mercy,37.18
2026-06-08,The Maze Runner (The Maze Runner #1),19.51
2026-06-07,The Maze Runner (The Maze Runner #1),19.81
2026-06-06,The Maze Runner (The Maze Runner #1),19.51
2026-06-05,The Maze Runner (The Maze Runner #1),19.37
2026-06-04,The Maze Runner (The Maze Runner #1),20.75
2026-06-03,The Maze Runner (The Maze Runner #1),21.9
2026-06-02,The Maze Runner (The Maze Runner #1),22.59
2026-06-08,The Lover's Dictionary,58.95
2026-06-07,The Lover's Dictionary,58.0
2026-06-06,The Lover's Dictionary,58.25
2026-06-05,The Lover's Dictionary,59.68
2026-06-04,The Lover's Dictionary,58.36
2026-06-03,The Lover's Dictionary,59.36
2026-06-02,The Lover's Dictionary,58.08
2026-06-08,The Lonely Ones,44.81
2026-06-07,The Lonely Ones,45.74
2026-06-06,The Lonely Ones,47.11
2026-06-05,The Lonely Ones,45.79
2026-06-04,The Lonely Ones,45.28
2026-06-03,The Lonely Ones,44.07
2026-06-02,The Lonely Ones,44.02
